"region";"alder";"år";"statistikkvariabel";"07459: Befolkning, etter region, alder, år og statistikkvariabel"
"31 Østfold";"000 0 år";"2024";"Personer";2703
"31 Østfold";"001 1 år";"2024";"Personer";2707
"31 Østfold";"002 2 år";"2024";"Personer";2969
"31 Østfold";"003 3 år";"2024";"Personer";2889
"31 Østfold";"004 4 år";"2024";"Personer";3080
"31 Østfold";"005 5 år";"2024";"Personer";3055
"31 Østfold";"006 6 år";"2024";"Personer";3283
"31 Østfold";"007 7 år";"2024";"Personer";3394
"31 Østfold";"008 8 år";"2024";"Personer";3398
"31 Østfold";"009 9 år";"2024";"Personer";3441
"31 Østfold";"010 10 år";"2024";"Personer";3461
"31 Østfold";"011 11 år";"2024";"Personer";3641
"31 Østfold";"012 12 år";"2024";"Personer";3653
"31 Østfold";"013 13 år";"2024";"Personer";3741
"31 Østfold";"014 14 år";"2024";"Personer";4073
"31 Østfold";"015 15 år";"2024";"Personer";3824
"31 Østfold";"016 16 år";"2024";"Personer";3805
"31 Østfold";"017 17 år";"2024";"Personer";3902
"31 Østfold";"018 18 år";"2024";"Personer";3778
"31 Østfold";"019 19 år";"2024";"Personer";3657
"31 Østfold";"020 20 år";"2024";"Personer";3423
"31 Østfold";"021 21 år";"2024";"Personer";3452
"31 Østfold";"022 22 år";"2024";"Personer";3352
"31 Østfold";"023 23 år";"2024";"Personer";3361
"31 Østfold";"024 24 år";"2024";"Personer";3378
"31 Østfold";"025 25 år";"2024";"Personer";3256
"31 Østfold";"026 26 år";"2024";"Personer";3424
"31 Østfold";"027 27 år";"2024";"Personer";3550
"31 Østfold";"028 28 år";"2024";"Personer";3634
"31 Østfold";"029 29 år";"2024";"Personer";3606
"31 Østfold";"030 30 år";"2024";"Personer";3876
"31 Østfold";"031 31 år";"2024";"Personer";3917
"31 Østfold";"032 32 år";"2024";"Personer";3998
"31 Østfold";"033 33 år";"2024";"Personer";4121
"31 Østfold";"034 34 år";"2024";"Personer";4046
"31 Østfold";"035 35 år";"2024";"Personer";4010
"31 Østfold";"036 36 år";"2024";"Personer";4018
"31 Østfold";"037 37 år";"2024";"Personer";3903
"31 Østfold";"038 38 år";"2024";"Personer";3926
"31 Østfold";"039 39 år";"2024";"Personer";3891
"31 Østfold";"040 40 år";"2024";"Personer";3916
"31 Østfold";"041 41 år";"2024";"Personer";3821
"31 Østfold";"042 42 år";"2024";"Personer";3851
"31 Østfold";"043 43 år";"2024";"Personer";4059
"31 Østfold";"044 44 år";"2024";"Personer";3895
"31 Østfold";"045 45 år";"2024";"Personer";4018
"31 Østfold";"046 46 år";"2024";"Personer";3945
"31 Østfold";"047 47 år";"2024";"Personer";3957
"31 Østfold";"048 48 år";"2024";"Personer";4212
"31 Østfold";"049 49 år";"2024";"Personer";4391
"31 Østfold";"050 50 år";"2024";"Personer";4366
"31 Østfold";"051 51 år";"2024";"Personer";4590
"31 Østfold";"052 52 år";"2024";"Personer";4546
"31 Østfold";"053 53 år";"2024";"Personer";4604
"31 Østfold";"054 54 år";"2024";"Personer";4635
"31 Østfold";"055 55 år";"2024";"Personer";4777
"31 Østfold";"056 56 år";"2024";"Personer";4528
"31 Østfold";"057 57 år";"2024";"Personer";4399
"31 Østfold";"058 58 år";"2024";"Personer";4485
"31 Østfold";"059 59 år";"2024";"Personer";4291
"31 Østfold";"060 60 år";"2024";"Personer";4092
"31 Østfold";"061 61 år";"2024";"Personer";4013
"31 Østfold";"062 62 år";"2024";"Personer";3865
"31 Østfold";"063 63 år";"2024";"Personer";3747
"31 Østfold";"064 64 år";"2024";"Personer";3925
"31 Østfold";"065 65 år";"2024";"Personer";3808
"31 Østfold";"066 66 år";"2024";"Personer";3737
"31 Østfold";"067 67 år";"2024";"Personer";3722
"31 Østfold";"068 68 år";"2024";"Personer";3475
"31 Østfold";"069 69 år";"2024";"Personer";3428
"31 Østfold";"070 70 år";"2024";"Personer";3365
"31 Østfold";"071 71 år";"2024";"Personer";3264
"31 Østfold";"072 72 år";"2024";"Personer";3097
"31 Østfold";"073 73 år";"2024";"Personer";3200
"31 Østfold";"074 74 år";"2024";"Personer";3133
"31 Østfold";"075 75 år";"2024";"Personer";3067
"31 Østfold";"076 76 år";"2024";"Personer";3278
"31 Østfold";"077 77 år";"2024";"Personer";3250
"31 Østfold";"078 78 år";"2024";"Personer";2783
"31 Østfold";"079 79 år";"2024";"Personer";2589
"31 Østfold";"080 80 år";"2024";"Personer";2104
"31 Østfold";"081 81 år";"2024";"Personer";1854
"31 Østfold";"082 82 år";"2024";"Personer";1490
"31 Østfold";"083 83 år";"2024";"Personer";1481
"31 Østfold";"084 84 år";"2024";"Personer";1309
"31 Østfold";"085 85 år";"2024";"Personer";1200
"31 Østfold";"086 86 år";"2024";"Personer";1088
"31 Østfold";"087 87 år";"2024";"Personer";937
"31 Østfold";"088 88 år";"2024";"Personer";753
"31 Østfold";"089 89 år";"2024";"Personer";601
"31 Østfold";"090 90 år";"2024";"Personer";532
"31 Østfold";"091 91 år";"2024";"Personer";498
"31 Østfold";"092 92 år";"2024";"Personer";432
"31 Østfold";"093 93 år";"2024";"Personer";342
"31 Østfold";"094 94 år";"2024";"Personer";228
"31 Østfold";"095 95 år";"2024";"Personer";182
"31 Østfold";"096 96 år";"2024";"Personer";120
"31 Østfold";"097 97 år";"2024";"Personer";111
"31 Østfold";"098 98 år";"2024";"Personer";80
"31 Østfold";"099 99 år";"2024";"Personer";42
"31 Østfold";"100 100 år";"2024";"Personer";22
"31 Østfold";"101 101 år";"2024";"Personer";15
"31 Østfold";"102 102 år";"2024";"Personer";4
"31 Østfold";"103 103 år";"2024";"Personer";2
"31 Østfold";"104 104 år";"2024";"Personer";2
"31 Østfold";"105+ 105 år eller eldre";"2024";"Personer";3
"32 Akershus";"000 0 år";"2024";"Personer";6821
"32 Akershus";"001 1 år";"2024";"Personer";7204
"32 Akershus";"002 2 år";"2024";"Personer";8220
"32 Akershus";"003 3 år";"2024";"Personer";8079
"32 Akershus";"004 4 år";"2024";"Personer";8278
"32 Akershus";"005 5 år";"2024";"Personer";8709
"32 Akershus";"006 6 år";"2024";"Personer";8636
"32 Akershus";"007 7 år";"2024";"Personer";9144
"32 Akershus";"008 8 år";"2024";"Personer";9128
"32 Akershus";"009 9 år";"2024";"Personer";9068
"32 Akershus";"010 10 år";"2024";"Personer";9109
"32 Akershus";"011 11 år";"2024";"Personer";9444
"32 Akershus";"012 12 år";"2024";"Personer";9387
"32 Akershus";"013 13 år";"2024";"Personer";9776
"32 Akershus";"014 14 år";"2024";"Personer";9909
"32 Akershus";"015 15 år";"2024";"Personer";9748
"32 Akershus";"016 16 år";"2024";"Personer";9442
"32 Akershus";"017 17 år";"2024";"Personer";9481
"32 Akershus";"018 18 år";"2024";"Personer";9193
"32 Akershus";"019 19 år";"2024";"Personer";9125
"32 Akershus";"020 20 år";"2024";"Personer";8683
"32 Akershus";"021 21 år";"2024";"Personer";7937
"32 Akershus";"022 22 år";"2024";"Personer";7549
"32 Akershus";"023 23 år";"2024";"Personer";7674
"32 Akershus";"024 24 år";"2024";"Personer";7576
"32 Akershus";"025 25 år";"2024";"Personer";7537
"32 Akershus";"026 26 år";"2024";"Personer";7647
"32 Akershus";"027 27 år";"2024";"Personer";7666
"32 Akershus";"028 28 år";"2024";"Personer";7942
"32 Akershus";"029 29 år";"2024";"Personer";7900
"32 Akershus";"030 30 år";"2024";"Personer";8571
"32 Akershus";"031 31 år";"2024";"Personer";8953
"32 Akershus";"032 32 år";"2024";"Personer";9502
"32 Akershus";"033 33 år";"2024";"Personer";9959
"32 Akershus";"034 34 år";"2024";"Personer";10276
"32 Akershus";"035 35 år";"2024";"Personer";10475
"32 Akershus";"036 36 år";"2024";"Personer";10333
"32 Akershus";"037 37 år";"2024";"Personer";10361
"32 Akershus";"038 38 år";"2024";"Personer";10474
"32 Akershus";"039 39 år";"2024";"Personer";10389
"32 Akershus";"040 40 år";"2024";"Personer";10543
"32 Akershus";"041 41 år";"2024";"Personer";10630
"32 Akershus";"042 42 år";"2024";"Personer";10317
"32 Akershus";"043 43 år";"2024";"Personer";10341
"32 Akershus";"044 44 år";"2024";"Personer";10267
"32 Akershus";"045 45 år";"2024";"Personer";10314
"32 Akershus";"046 46 år";"2024";"Personer";10077
"32 Akershus";"047 47 år";"2024";"Personer";10172
"32 Akershus";"048 48 år";"2024";"Personer";10386
"32 Akershus";"049 49 år";"2024";"Personer";10913
"32 Akershus";"050 50 år";"2024";"Personer";10599
"32 Akershus";"051 51 år";"2024";"Personer";11059
"32 Akershus";"052 52 år";"2024";"Personer";10846
"32 Akershus";"053 53 år";"2024";"Personer";10534
"32 Akershus";"054 54 år";"2024";"Personer";10612
"32 Akershus";"055 55 år";"2024";"Personer";10570
"32 Akershus";"056 56 år";"2024";"Personer";10015
"32 Akershus";"057 57 år";"2024";"Personer";10214
"32 Akershus";"058 58 år";"2024";"Personer";9726
"32 Akershus";"059 59 år";"2024";"Personer";9538
"32 Akershus";"060 60 år";"2024";"Personer";9031
"32 Akershus";"061 61 år";"2024";"Personer";8659
"32 Akershus";"062 62 år";"2024";"Personer";8315
"32 Akershus";"063 63 år";"2024";"Personer";8109
"32 Akershus";"064 64 år";"2024";"Personer";7774
"32 Akershus";"065 65 år";"2024";"Personer";7631
"32 Akershus";"066 66 år";"2024";"Personer";7362
"32 Akershus";"067 67 år";"2024";"Personer";7192
"32 Akershus";"068 68 år";"2024";"Personer";6786
"32 Akershus";"069 69 år";"2024";"Personer";6527
"32 Akershus";"070 70 år";"2024";"Personer";6340
"32 Akershus";"071 71 år";"2024";"Personer";6000
"32 Akershus";"072 72 år";"2024";"Personer";5646
"32 Akershus";"073 73 år";"2024";"Personer";5681
"32 Akershus";"074 74 år";"2024";"Personer";5860
"32 Akershus";"075 75 år";"2024";"Personer";5863
"32 Akershus";"076 76 år";"2024";"Personer";5868
"32 Akershus";"077 77 år";"2024";"Personer";6304
"32 Akershus";"078 78 år";"2024";"Personer";5223
"32 Akershus";"079 79 år";"2024";"Personer";5063
"32 Akershus";"080 80 år";"2024";"Personer";4139
"32 Akershus";"081 81 år";"2024";"Personer";3626
"32 Akershus";"082 82 år";"2024";"Personer";2955
"32 Akershus";"083 83 år";"2024";"Personer";3026
"32 Akershus";"084 84 år";"2024";"Personer";2689
"32 Akershus";"085 85 år";"2024";"Personer";2362
"32 Akershus";"086 86 år";"2024";"Personer";2151
"32 Akershus";"087 87 år";"2024";"Personer";1756
"32 Akershus";"088 88 år";"2024";"Personer";1469
"32 Akershus";"089 89 år";"2024";"Personer";1247
"32 Akershus";"090 90 år";"2024";"Personer";1121
"32 Akershus";"091 91 år";"2024";"Personer";1000
"32 Akershus";"092 92 år";"2024";"Personer";807
"32 Akershus";"093 93 år";"2024";"Personer";630
"32 Akershus";"094 94 år";"2024";"Personer";470
"32 Akershus";"095 95 år";"2024";"Personer";355
"32 Akershus";"096 96 år";"2024";"Personer";250
"32 Akershus";"097 97 år";"2024";"Personer";202
"32 Akershus";"098 98 år";"2024";"Personer";138
"32 Akershus";"099 99 år";"2024";"Personer";90
"32 Akershus";"100 100 år";"2024";"Personer";50
"32 Akershus";"101 101 år";"2024";"Personer";21
"32 Akershus";"102 102 år";"2024";"Personer";17
"32 Akershus";"103 103 år";"2024";"Personer";7
"32 Akershus";"104 104 år";"2024";"Personer";7
"32 Akershus";"105+ 105 år eller eldre";"2024";"Personer";6
"03 Oslo";"000 0 år";"2024";"Personer";8328
"03 Oslo";"001 1 år";"2024";"Personer";7734
"03 Oslo";"002 2 år";"2024";"Personer";8118
"03 Oslo";"003 3 år";"2024";"Personer";7429
"03 Oslo";"004 4 år";"2024";"Personer";7343
"03 Oslo";"005 5 år";"2024";"Personer";6989
"03 Oslo";"006 6 år";"2024";"Personer";7037
"03 Oslo";"007 7 år";"2024";"Personer";7136
"03 Oslo";"008 8 år";"2024";"Personer";7075
"03 Oslo";"009 9 år";"2024";"Personer";7358
"03 Oslo";"010 10 år";"2024";"Personer";7029
"03 Oslo";"011 11 år";"2024";"Personer";7243
"03 Oslo";"012 12 år";"2024";"Personer";7237
"03 Oslo";"013 13 år";"2024";"Personer";7238
"03 Oslo";"014 14 år";"2024";"Personer";7294
"03 Oslo";"015 15 år";"2024";"Personer";7191
"03 Oslo";"016 16 år";"2024";"Personer";7217
"03 Oslo";"017 17 år";"2024";"Personer";6976
"03 Oslo";"018 18 år";"2024";"Personer";6947
"03 Oslo";"019 19 år";"2024";"Personer";7096
"03 Oslo";"020 20 år";"2024";"Personer";7878
"03 Oslo";"021 21 år";"2024";"Personer";8258
"03 Oslo";"022 22 år";"2024";"Personer";9250
"03 Oslo";"023 23 år";"2024";"Personer";10450
"03 Oslo";"024 24 år";"2024";"Personer";11680
"03 Oslo";"025 25 år";"2024";"Personer";12938
"03 Oslo";"026 26 år";"2024";"Personer";14434
"03 Oslo";"027 27 år";"2024";"Personer";15814
"03 Oslo";"028 28 år";"2024";"Personer";16053
"03 Oslo";"029 29 år";"2024";"Personer";16008
"03 Oslo";"030 30 år";"2024";"Personer";15904
"03 Oslo";"031 31 år";"2024";"Personer";15795
"03 Oslo";"032 32 år";"2024";"Personer";15372
"03 Oslo";"033 33 år";"2024";"Personer";15058
"03 Oslo";"034 34 år";"2024";"Personer";14519
"03 Oslo";"035 35 år";"2024";"Personer";13839
"03 Oslo";"036 36 år";"2024";"Personer";12896
"03 Oslo";"037 37 år";"2024";"Personer";12487
"03 Oslo";"038 38 år";"2024";"Personer";11742
"03 Oslo";"039 39 år";"2024";"Personer";11374
"03 Oslo";"040 40 år";"2024";"Personer";10771
"03 Oslo";"041 41 år";"2024";"Personer";10610
"03 Oslo";"042 42 år";"2024";"Personer";10279
"03 Oslo";"043 43 år";"2024";"Personer";10412
"03 Oslo";"044 44 år";"2024";"Personer";9949
"03 Oslo";"045 45 år";"2024";"Personer";9644
"03 Oslo";"046 46 år";"2024";"Personer";9261
"03 Oslo";"047 47 år";"2024";"Personer";9283
"03 Oslo";"048 48 år";"2024";"Personer";9301
"03 Oslo";"049 49 år";"2024";"Personer";9378
"03 Oslo";"050 50 år";"2024";"Personer";8968
"03 Oslo";"051 51 år";"2024";"Personer";9156
"03 Oslo";"052 52 år";"2024";"Personer";8877
"03 Oslo";"053 53 år";"2024";"Personer";8636
"03 Oslo";"054 54 år";"2024";"Personer";8517
"03 Oslo";"055 55 år";"2024";"Personer";8183
"03 Oslo";"056 56 år";"2024";"Personer";7891
"03 Oslo";"057 57 år";"2024";"Personer";7832
"03 Oslo";"058 58 år";"2024";"Personer";7666
"03 Oslo";"059 59 år";"2024";"Personer";7494
"03 Oslo";"060 60 år";"2024";"Personer";7125
"03 Oslo";"061 61 år";"2024";"Personer";6799
"03 Oslo";"062 62 år";"2024";"Personer";6525
"03 Oslo";"063 63 år";"2024";"Personer";6538
"03 Oslo";"064 64 år";"2024";"Personer";6139
"03 Oslo";"065 65 år";"2024";"Personer";6064
"03 Oslo";"066 66 år";"2024";"Personer";5810
"03 Oslo";"067 67 år";"2024";"Personer";5543
"03 Oslo";"068 68 år";"2024";"Personer";5237
"03 Oslo";"069 69 år";"2024";"Personer";5151
"03 Oslo";"070 70 år";"2024";"Personer";4864
"03 Oslo";"071 71 år";"2024";"Personer";4722
"03 Oslo";"072 72 år";"2024";"Personer";4554
"03 Oslo";"073 73 år";"2024";"Personer";4457
"03 Oslo";"074 74 år";"2024";"Personer";4335
"03 Oslo";"075 75 år";"2024";"Personer";4343
"03 Oslo";"076 76 år";"2024";"Personer";4388
"03 Oslo";"077 77 år";"2024";"Personer";4610
"03 Oslo";"078 78 år";"2024";"Personer";3911
"03 Oslo";"079 79 år";"2024";"Personer";3686
"03 Oslo";"080 80 år";"2024";"Personer";3105
"03 Oslo";"081 81 år";"2024";"Personer";2595
"03 Oslo";"082 82 år";"2024";"Personer";2043
"03 Oslo";"083 83 år";"2024";"Personer";2139
"03 Oslo";"084 84 år";"2024";"Personer";1994
"03 Oslo";"085 85 år";"2024";"Personer";1694
"03 Oslo";"086 86 år";"2024";"Personer";1457
"03 Oslo";"087 87 år";"2024";"Personer";1266
"03 Oslo";"088 88 år";"2024";"Personer";1114
"03 Oslo";"089 89 år";"2024";"Personer";937
"03 Oslo";"090 90 år";"2024";"Personer";891
"03 Oslo";"091 91 år";"2024";"Personer";778
"03 Oslo";"092 92 år";"2024";"Personer";706
"03 Oslo";"093 93 år";"2024";"Personer";592
"03 Oslo";"094 94 år";"2024";"Personer";438
"03 Oslo";"095 95 år";"2024";"Personer";343
"03 Oslo";"096 96 år";"2024";"Personer";257
"03 Oslo";"097 97 år";"2024";"Personer";181
"03 Oslo";"098 98 år";"2024";"Personer";165
"03 Oslo";"099 99 år";"2024";"Personer";110
"03 Oslo";"100 100 år";"2024";"Personer";72
"03 Oslo";"101 101 år";"2024";"Personer";46
"03 Oslo";"102 102 år";"2024";"Personer";22
"03 Oslo";"103 103 år";"2024";"Personer";27
"03 Oslo";"104 104 år";"2024";"Personer";16
"03 Oslo";"105+ 105 år eller eldre";"2024";"Personer";49
"34 Innlandet";"000 0 år";"2024";"Personer";2999
"34 Innlandet";"001 1 år";"2024";"Personer";3111
"34 Innlandet";"002 2 år";"2024";"Personer";3305
"34 Innlandet";"003 3 år";"2024";"Personer";3224
"34 Innlandet";"004 4 år";"2024";"Personer";3404
"34 Innlandet";"005 5 år";"2024";"Personer";3407
"34 Innlandet";"006 6 år";"2024";"Personer";3586
"34 Innlandet";"007 7 år";"2024";"Personer";3762
"34 Innlandet";"008 8 år";"2024";"Personer";3736
"34 Innlandet";"009 9 år";"2024";"Personer";3872
"34 Innlandet";"010 10 år";"2024";"Personer";3859
"34 Innlandet";"011 11 år";"2024";"Personer";4099
"34 Innlandet";"012 12 år";"2024";"Personer";4030
"34 Innlandet";"013 13 år";"2024";"Personer";4256
"34 Innlandet";"014 14 år";"2024";"Personer";4390
"34 Innlandet";"015 15 år";"2024";"Personer";4398
"34 Innlandet";"016 16 år";"2024";"Personer";4186
"34 Innlandet";"017 17 år";"2024";"Personer";4428
"34 Innlandet";"018 18 år";"2024";"Personer";4254
"34 Innlandet";"019 19 år";"2024";"Personer";4342
"34 Innlandet";"020 20 år";"2024";"Personer";4276
"34 Innlandet";"021 21 år";"2024";"Personer";4126
"34 Innlandet";"022 22 år";"2024";"Personer";4166
"34 Innlandet";"023 23 år";"2024";"Personer";4308
"34 Innlandet";"024 24 år";"2024";"Personer";4230
"34 Innlandet";"025 25 år";"2024";"Personer";4130
"34 Innlandet";"026 26 år";"2024";"Personer";4035
"34 Innlandet";"027 27 år";"2024";"Personer";4099
"34 Innlandet";"028 28 år";"2024";"Personer";4185
"34 Innlandet";"029 29 år";"2024";"Personer";4182
"34 Innlandet";"030 30 år";"2024";"Personer";4381
"34 Innlandet";"031 31 år";"2024";"Personer";4533
"34 Innlandet";"032 32 år";"2024";"Personer";4537
"34 Innlandet";"033 33 år";"2024";"Personer";4799
"34 Innlandet";"034 34 år";"2024";"Personer";4580
"34 Innlandet";"035 35 år";"2024";"Personer";4547
"34 Innlandet";"036 36 år";"2024";"Personer";4404
"34 Innlandet";"037 37 år";"2024";"Personer";4417
"34 Innlandet";"038 38 år";"2024";"Personer";4335
"34 Innlandet";"039 39 år";"2024";"Personer";4200
"34 Innlandet";"040 40 år";"2024";"Personer";4402
"34 Innlandet";"041 41 år";"2024";"Personer";4296
"34 Innlandet";"042 42 år";"2024";"Personer";4226
"34 Innlandet";"043 43 år";"2024";"Personer";4286
"34 Innlandet";"044 44 år";"2024";"Personer";4332
"34 Innlandet";"045 45 år";"2024";"Personer";4241
"34 Innlandet";"046 46 år";"2024";"Personer";4319
"34 Innlandet";"047 47 år";"2024";"Personer";4531
"34 Innlandet";"048 48 år";"2024";"Personer";4781
"34 Innlandet";"049 49 år";"2024";"Personer";5027
"34 Innlandet";"050 50 år";"2024";"Personer";5131
"34 Innlandet";"051 51 år";"2024";"Personer";5456
"34 Innlandet";"052 52 år";"2024";"Personer";5487
"34 Innlandet";"053 53 år";"2024";"Personer";5525
"34 Innlandet";"054 54 år";"2024";"Personer";5729
"34 Innlandet";"055 55 år";"2024";"Personer";5479
"34 Innlandet";"056 56 år";"2024";"Personer";5525
"34 Innlandet";"057 57 år";"2024";"Personer";5477
"34 Innlandet";"058 58 år";"2024";"Personer";5390
"34 Innlandet";"059 59 år";"2024";"Personer";5364
"34 Innlandet";"060 60 år";"2024";"Personer";5107
"34 Innlandet";"061 61 år";"2024";"Personer";5043
"34 Innlandet";"062 62 år";"2024";"Personer";5074
"34 Innlandet";"063 63 år";"2024";"Personer";4933
"34 Innlandet";"064 64 år";"2024";"Personer";5067
"34 Innlandet";"065 65 år";"2024";"Personer";5011
"34 Innlandet";"066 66 år";"2024";"Personer";4919
"34 Innlandet";"067 67 år";"2024";"Personer";4916
"34 Innlandet";"068 68 år";"2024";"Personer";4869
"34 Innlandet";"069 69 år";"2024";"Personer";4532
"34 Innlandet";"070 70 år";"2024";"Personer";4560
"34 Innlandet";"071 71 år";"2024";"Personer";4554
"34 Innlandet";"072 72 år";"2024";"Personer";4243
"34 Innlandet";"073 73 år";"2024";"Personer";4403
"34 Innlandet";"074 74 år";"2024";"Personer";4467
"34 Innlandet";"075 75 år";"2024";"Personer";4334
"34 Innlandet";"076 76 år";"2024";"Personer";4353
"34 Innlandet";"077 77 år";"2024";"Personer";4269
"34 Innlandet";"078 78 år";"2024";"Personer";3744
"34 Innlandet";"079 79 år";"2024";"Personer";3290
"34 Innlandet";"080 80 år";"2024";"Personer";3051
"34 Innlandet";"081 81 år";"2024";"Personer";2739
"34 Innlandet";"082 82 år";"2024";"Personer";2212
"34 Innlandet";"083 83 år";"2024";"Personer";2174
"34 Innlandet";"084 84 år";"2024";"Personer";1907
"34 Innlandet";"085 85 år";"2024";"Personer";1761
"34 Innlandet";"086 86 år";"2024";"Personer";1437
"34 Innlandet";"087 87 år";"2024";"Personer";1309
"34 Innlandet";"088 88 år";"2024";"Personer";1050
"34 Innlandet";"089 89 år";"2024";"Personer";959
"34 Innlandet";"090 90 år";"2024";"Personer";840
"34 Innlandet";"091 91 år";"2024";"Personer";749
"34 Innlandet";"092 92 år";"2024";"Personer";594
"34 Innlandet";"093 93 år";"2024";"Personer";504
"34 Innlandet";"094 94 år";"2024";"Personer";352
"34 Innlandet";"095 95 år";"2024";"Personer";267
"34 Innlandet";"096 96 år";"2024";"Personer";192
"34 Innlandet";"097 97 år";"2024";"Personer";143
"34 Innlandet";"098 98 år";"2024";"Personer";104
"34 Innlandet";"099 99 år";"2024";"Personer";67
"34 Innlandet";"100 100 år";"2024";"Personer";39
"34 Innlandet";"101 101 år";"2024";"Personer";21
"34 Innlandet";"102 102 år";"2024";"Personer";8
"34 Innlandet";"103 103 år";"2024";"Personer";7
"34 Innlandet";"104 104 år";"2024";"Personer";4
"34 Innlandet";"105+ 105 år eller eldre";"2024";"Personer";4
"33 Buskerud";"000 0 år";"2024";"Personer";2358
"33 Buskerud";"001 1 år";"2024";"Personer";2422
"33 Buskerud";"002 2 år";"2024";"Personer";2651
"33 Buskerud";"003 3 år";"2024";"Personer";2577
"33 Buskerud";"004 4 år";"2024";"Personer";2703
"33 Buskerud";"005 5 år";"2024";"Personer";2719
"33 Buskerud";"006 6 år";"2024";"Personer";2812
"33 Buskerud";"007 7 år";"2024";"Personer";2803
"33 Buskerud";"008 8 år";"2024";"Personer";3006
"33 Buskerud";"009 9 år";"2024";"Personer";3016
"33 Buskerud";"010 10 år";"2024";"Personer";2992
"33 Buskerud";"011 11 år";"2024";"Personer";3134
"33 Buskerud";"012 12 år";"2024";"Personer";3202
"33 Buskerud";"013 13 år";"2024";"Personer";3244
"33 Buskerud";"014 14 år";"2024";"Personer";3259
"33 Buskerud";"015 15 år";"2024";"Personer";3424
"33 Buskerud";"016 16 år";"2024";"Personer";3256
"33 Buskerud";"017 17 år";"2024";"Personer";3325
"33 Buskerud";"018 18 år";"2024";"Personer";3326
"33 Buskerud";"019 19 år";"2024";"Personer";3300
"33 Buskerud";"020 20 år";"2024";"Personer";3028
"33 Buskerud";"021 21 år";"2024";"Personer";2857
"33 Buskerud";"022 22 år";"2024";"Personer";2866
"33 Buskerud";"023 23 år";"2024";"Personer";2885
"33 Buskerud";"024 24 år";"2024";"Personer";2923
"33 Buskerud";"025 25 år";"2024";"Personer";2893
"33 Buskerud";"026 26 år";"2024";"Personer";2941
"33 Buskerud";"027 27 år";"2024";"Personer";2999
"33 Buskerud";"028 28 år";"2024";"Personer";3104
"33 Buskerud";"029 29 år";"2024";"Personer";3308
"33 Buskerud";"030 30 år";"2024";"Personer";3312
"33 Buskerud";"031 31 år";"2024";"Personer";3413
"33 Buskerud";"032 32 år";"2024";"Personer";3611
"33 Buskerud";"033 33 år";"2024";"Personer";3718
"33 Buskerud";"034 34 år";"2024";"Personer";3756
"33 Buskerud";"035 35 år";"2024";"Personer";3713
"33 Buskerud";"036 36 år";"2024";"Personer";3631
"33 Buskerud";"037 37 år";"2024";"Personer";3667
"33 Buskerud";"038 38 år";"2024";"Personer";3673
"33 Buskerud";"039 39 år";"2024";"Personer";3569
"33 Buskerud";"040 40 år";"2024";"Personer";3662
"33 Buskerud";"041 41 år";"2024";"Personer";3617
"33 Buskerud";"042 42 år";"2024";"Personer";3498
"33 Buskerud";"043 43 år";"2024";"Personer";3702
"33 Buskerud";"044 44 år";"2024";"Personer";3634
"33 Buskerud";"045 45 år";"2024";"Personer";3628
"33 Buskerud";"046 46 år";"2024";"Personer";3458
"33 Buskerud";"047 47 år";"2024";"Personer";3590
"33 Buskerud";"048 48 år";"2024";"Personer";3754
"33 Buskerud";"049 49 år";"2024";"Personer";3935
"33 Buskerud";"050 50 år";"2024";"Personer";3846
"33 Buskerud";"051 51 år";"2024";"Personer";3899
"33 Buskerud";"052 52 år";"2024";"Personer";3965
"33 Buskerud";"053 53 år";"2024";"Personer";3857
"33 Buskerud";"054 54 år";"2024";"Personer";3869
"33 Buskerud";"055 55 år";"2024";"Personer";3881
"33 Buskerud";"056 56 år";"2024";"Personer";3671
"33 Buskerud";"057 57 år";"2024";"Personer";3706
"33 Buskerud";"058 58 år";"2024";"Personer";3611
"33 Buskerud";"059 59 år";"2024";"Personer";3512
"33 Buskerud";"060 60 år";"2024";"Personer";3292
"33 Buskerud";"061 61 år";"2024";"Personer";3346
"33 Buskerud";"062 62 år";"2024";"Personer";3217
"33 Buskerud";"063 63 år";"2024";"Personer";3242
"33 Buskerud";"064 64 år";"2024";"Personer";3144
"33 Buskerud";"065 65 år";"2024";"Personer";3095
"33 Buskerud";"066 66 år";"2024";"Personer";3090
"33 Buskerud";"067 67 år";"2024";"Personer";3008
"33 Buskerud";"068 68 år";"2024";"Personer";2893
"33 Buskerud";"069 69 år";"2024";"Personer";2937
"33 Buskerud";"070 70 år";"2024";"Personer";2816
"33 Buskerud";"071 71 år";"2024";"Personer";2666
"33 Buskerud";"072 72 år";"2024";"Personer";2598
"33 Buskerud";"073 73 år";"2024";"Personer";2608
"33 Buskerud";"074 74 år";"2024";"Personer";2577
"33 Buskerud";"075 75 år";"2024";"Personer";2600
"33 Buskerud";"076 76 år";"2024";"Personer";2569
"33 Buskerud";"077 77 år";"2024";"Personer";2701
"33 Buskerud";"078 78 år";"2024";"Personer";2350
"33 Buskerud";"079 79 år";"2024";"Personer";2165
"33 Buskerud";"080 80 år";"2024";"Personer";1738
"33 Buskerud";"081 81 år";"2024";"Personer";1491
"33 Buskerud";"082 82 år";"2024";"Personer";1305
"33 Buskerud";"083 83 år";"2024";"Personer";1212
"33 Buskerud";"084 84 år";"2024";"Personer";1171
"33 Buskerud";"085 85 år";"2024";"Personer";1098
"33 Buskerud";"086 86 år";"2024";"Personer";902
"33 Buskerud";"087 87 år";"2024";"Personer";784
"33 Buskerud";"088 88 år";"2024";"Personer";620
"33 Buskerud";"089 89 år";"2024";"Personer";581
"33 Buskerud";"090 90 år";"2024";"Personer";482
"33 Buskerud";"091 91 år";"2024";"Personer";425
"33 Buskerud";"092 92 år";"2024";"Personer";326
"33 Buskerud";"093 93 år";"2024";"Personer";322
"33 Buskerud";"094 94 år";"2024";"Personer";211
"33 Buskerud";"095 95 år";"2024";"Personer";165
"33 Buskerud";"096 96 år";"2024";"Personer";119
"33 Buskerud";"097 97 år";"2024";"Personer";90
"33 Buskerud";"098 98 år";"2024";"Personer";57
"33 Buskerud";"099 99 år";"2024";"Personer";49
"33 Buskerud";"100 100 år";"2024";"Personer";29
"33 Buskerud";"101 101 år";"2024";"Personer";19
"33 Buskerud";"102 102 år";"2024";"Personer";9
"33 Buskerud";"103 103 år";"2024";"Personer";4
"33 Buskerud";"104 104 år";"2024";"Personer";1
"33 Buskerud";"105+ 105 år eller eldre";"2024";"Personer";4
"39 Vestfold";"000 0 år";"2024";"Personer";2084
"39 Vestfold";"001 1 år";"2024";"Personer";2144
"39 Vestfold";"002 2 år";"2024";"Personer";2451
"39 Vestfold";"003 3 år";"2024";"Personer";2456
"39 Vestfold";"004 4 år";"2024";"Personer";2545
"39 Vestfold";"005 5 år";"2024";"Personer";2628
"39 Vestfold";"006 6 år";"2024";"Personer";2686
"39 Vestfold";"007 7 år";"2024";"Personer";2840
"39 Vestfold";"008 8 år";"2024";"Personer";2822
"39 Vestfold";"009 9 år";"2024";"Personer";2824
"39 Vestfold";"010 10 år";"2024";"Personer";2845
"39 Vestfold";"011 11 år";"2024";"Personer";2951
"39 Vestfold";"012 12 år";"2024";"Personer";3005
"39 Vestfold";"013 13 år";"2024";"Personer";3165
"39 Vestfold";"014 14 år";"2024";"Personer";3149
"39 Vestfold";"015 15 år";"2024";"Personer";3172
"39 Vestfold";"016 16 år";"2024";"Personer";3144
"39 Vestfold";"017 17 år";"2024";"Personer";3164
"39 Vestfold";"018 18 år";"2024";"Personer";3165
"39 Vestfold";"019 19 år";"2024";"Personer";3016
"39 Vestfold";"020 20 år";"2024";"Personer";2834
"39 Vestfold";"021 21 år";"2024";"Personer";2589
"39 Vestfold";"022 22 år";"2024";"Personer";2645
"39 Vestfold";"023 23 år";"2024";"Personer";2735
"39 Vestfold";"024 24 år";"2024";"Personer";2551
"39 Vestfold";"025 25 år";"2024";"Personer";2573
"39 Vestfold";"026 26 år";"2024";"Personer";2716
"39 Vestfold";"027 27 år";"2024";"Personer";2676
"39 Vestfold";"028 28 år";"2024";"Personer";2845
"39 Vestfold";"029 29 år";"2024";"Personer";2825
"39 Vestfold";"030 30 år";"2024";"Personer";2947
"39 Vestfold";"031 31 år";"2024";"Personer";3236
"39 Vestfold";"032 32 år";"2024";"Personer";3213
"39 Vestfold";"033 33 år";"2024";"Personer";3318
"39 Vestfold";"034 34 år";"2024";"Personer";3370
"39 Vestfold";"035 35 år";"2024";"Personer";3443
"39 Vestfold";"036 36 år";"2024";"Personer";3323
"39 Vestfold";"037 37 år";"2024";"Personer";3432
"39 Vestfold";"038 38 år";"2024";"Personer";3276
"39 Vestfold";"039 39 år";"2024";"Personer";3287
"39 Vestfold";"040 40 år";"2024";"Personer";3240
"39 Vestfold";"041 41 år";"2024";"Personer";3306
"39 Vestfold";"042 42 år";"2024";"Personer";3256
"39 Vestfold";"043 43 år";"2024";"Personer";3236
"39 Vestfold";"044 44 år";"2024";"Personer";3225
"39 Vestfold";"045 45 år";"2024";"Personer";3248
"39 Vestfold";"046 46 år";"2024";"Personer";3256
"39 Vestfold";"047 47 år";"2024";"Personer";3296
"39 Vestfold";"048 48 år";"2024";"Personer";3379
"39 Vestfold";"049 49 år";"2024";"Personer";3480
"39 Vestfold";"050 50 år";"2024";"Personer";3474
"39 Vestfold";"051 51 år";"2024";"Personer";3779
"39 Vestfold";"052 52 år";"2024";"Personer";3726
"39 Vestfold";"053 53 år";"2024";"Personer";3548
"39 Vestfold";"054 54 år";"2024";"Personer";3817
"39 Vestfold";"055 55 år";"2024";"Personer";3732
"39 Vestfold";"056 56 år";"2024";"Personer";3639
"39 Vestfold";"057 57 år";"2024";"Personer";3548
"39 Vestfold";"058 58 år";"2024";"Personer";3655
"39 Vestfold";"059 59 år";"2024";"Personer";3382
"39 Vestfold";"060 60 år";"2024";"Personer";3400
"39 Vestfold";"061 61 år";"2024";"Personer";3281
"39 Vestfold";"062 62 år";"2024";"Personer";3312
"39 Vestfold";"063 63 år";"2024";"Personer";3366
"39 Vestfold";"064 64 år";"2024";"Personer";3288
"39 Vestfold";"065 65 år";"2024";"Personer";3257
"39 Vestfold";"066 66 år";"2024";"Personer";3056
"39 Vestfold";"067 67 år";"2024";"Personer";3037
"39 Vestfold";"068 68 år";"2024";"Personer";3005
"39 Vestfold";"069 69 år";"2024";"Personer";2986
"39 Vestfold";"070 70 år";"2024";"Personer";3010
"39 Vestfold";"071 71 år";"2024";"Personer";2830
"39 Vestfold";"072 72 år";"2024";"Personer";2726
"39 Vestfold";"073 73 år";"2024";"Personer";2637
"39 Vestfold";"074 74 år";"2024";"Personer";2526
"39 Vestfold";"075 75 år";"2024";"Personer";2565
"39 Vestfold";"076 76 år";"2024";"Personer";2610
"39 Vestfold";"077 77 år";"2024";"Personer";2689
"39 Vestfold";"078 78 år";"2024";"Personer";2217
"39 Vestfold";"079 79 år";"2024";"Personer";2096
"39 Vestfold";"080 80 år";"2024";"Personer";1678
"39 Vestfold";"081 81 år";"2024";"Personer";1443
"39 Vestfold";"082 82 år";"2024";"Personer";1219
"39 Vestfold";"083 83 år";"2024";"Personer";1361
"39 Vestfold";"084 84 år";"2024";"Personer";1147
"39 Vestfold";"085 85 år";"2024";"Personer";1111
"39 Vestfold";"086 86 år";"2024";"Personer";908
"39 Vestfold";"087 87 år";"2024";"Personer";811
"39 Vestfold";"088 88 år";"2024";"Personer";681
"39 Vestfold";"089 89 år";"2024";"Personer";585
"39 Vestfold";"090 90 år";"2024";"Personer";445
"39 Vestfold";"091 91 år";"2024";"Personer";490
"39 Vestfold";"092 92 år";"2024";"Personer";349
"39 Vestfold";"093 93 år";"2024";"Personer";271
"39 Vestfold";"094 94 år";"2024";"Personer";219
"39 Vestfold";"095 95 år";"2024";"Personer";175
"39 Vestfold";"096 96 år";"2024";"Personer";101
"39 Vestfold";"097 97 år";"2024";"Personer";84
"39 Vestfold";"098 98 år";"2024";"Personer";58
"39 Vestfold";"099 99 år";"2024";"Personer";35
"39 Vestfold";"100 100 år";"2024";"Personer";19
"39 Vestfold";"101 101 år";"2024";"Personer";9
"39 Vestfold";"102 102 år";"2024";"Personer";13
"39 Vestfold";"103 103 år";"2024";"Personer";4
"39 Vestfold";"104 104 år";"2024";"Personer";5
"39 Vestfold";"105+ 105 år eller eldre";"2024";"Personer";5
"40 Telemark";"000 0 år";"2024";"Personer";1474
"40 Telemark";"001 1 år";"2024";"Personer";1544
"40 Telemark";"002 2 år";"2024";"Personer";1621
"40 Telemark";"003 3 år";"2024";"Personer";1603
"40 Telemark";"004 4 år";"2024";"Personer";1662
"40 Telemark";"005 5 år";"2024";"Personer";1754
"40 Telemark";"006 6 år";"2024";"Personer";1711
"40 Telemark";"007 7 år";"2024";"Personer";1932
"40 Telemark";"008 8 år";"2024";"Personer";1829
"40 Telemark";"009 9 år";"2024";"Personer";1863
"40 Telemark";"010 10 år";"2024";"Personer";1964
"40 Telemark";"011 11 år";"2024";"Personer";2022
"40 Telemark";"012 12 år";"2024";"Personer";2073
"40 Telemark";"013 13 år";"2024";"Personer";2144
"40 Telemark";"014 14 år";"2024";"Personer";2127
"40 Telemark";"015 15 år";"2024";"Personer";2166
"40 Telemark";"016 16 år";"2024";"Personer";2084
"40 Telemark";"017 17 år";"2024";"Personer";2132
"40 Telemark";"018 18 år";"2024";"Personer";2130
"40 Telemark";"019 19 år";"2024";"Personer";2038
"40 Telemark";"020 20 år";"2024";"Personer";2039
"40 Telemark";"021 21 år";"2024";"Personer";1877
"40 Telemark";"022 22 år";"2024";"Personer";1943
"40 Telemark";"023 23 år";"2024";"Personer";1942
"40 Telemark";"024 24 år";"2024";"Personer";1918
"40 Telemark";"025 25 år";"2024";"Personer";1877
"40 Telemark";"026 26 år";"2024";"Personer";1875
"40 Telemark";"027 27 år";"2024";"Personer";1990
"40 Telemark";"028 28 år";"2024";"Personer";1940
"40 Telemark";"029 29 år";"2024";"Personer";2038
"40 Telemark";"030 30 år";"2024";"Personer";1984
"40 Telemark";"031 31 år";"2024";"Personer";2165
"40 Telemark";"032 32 år";"2024";"Personer";2199
"40 Telemark";"033 33 år";"2024";"Personer";2248
"40 Telemark";"034 34 år";"2024";"Personer";2273
"40 Telemark";"035 35 år";"2024";"Personer";2302
"40 Telemark";"036 36 år";"2024";"Personer";2219
"40 Telemark";"037 37 år";"2024";"Personer";2136
"40 Telemark";"038 38 år";"2024";"Personer";2131
"40 Telemark";"039 39 år";"2024";"Personer";2094
"40 Telemark";"040 40 år";"2024";"Personer";2050
"40 Telemark";"041 41 år";"2024";"Personer";2170
"40 Telemark";"042 42 år";"2024";"Personer";2087
"40 Telemark";"043 43 år";"2024";"Personer";2056
"40 Telemark";"044 44 år";"2024";"Personer";2094
"40 Telemark";"045 45 år";"2024";"Personer";2105
"40 Telemark";"046 46 år";"2024";"Personer";2093
"40 Telemark";"047 47 år";"2024";"Personer";2237
"40 Telemark";"048 48 år";"2024";"Personer";2287
"40 Telemark";"049 49 år";"2024";"Personer";2395
"40 Telemark";"050 50 år";"2024";"Personer";2440
"40 Telemark";"051 51 år";"2024";"Personer";2634
"40 Telemark";"052 52 år";"2024";"Personer";2582
"40 Telemark";"053 53 år";"2024";"Personer";2623
"40 Telemark";"054 54 år";"2024";"Personer";2563
"40 Telemark";"055 55 år";"2024";"Personer";2543
"40 Telemark";"056 56 år";"2024";"Personer";2579
"40 Telemark";"057 57 år";"2024";"Personer";2591
"40 Telemark";"058 58 år";"2024";"Personer";2492
"40 Telemark";"059 59 år";"2024";"Personer";2441
"40 Telemark";"060 60 år";"2024";"Personer";2359
"40 Telemark";"061 61 år";"2024";"Personer";2264
"40 Telemark";"062 62 år";"2024";"Personer";2221
"40 Telemark";"063 63 år";"2024";"Personer";2216
"40 Telemark";"064 64 år";"2024";"Personer";2211
"40 Telemark";"065 65 år";"2024";"Personer";2276
"40 Telemark";"066 66 år";"2024";"Personer";2266
"40 Telemark";"067 67 år";"2024";"Personer";2320
"40 Telemark";"068 68 år";"2024";"Personer";2265
"40 Telemark";"069 69 år";"2024";"Personer";2079
"40 Telemark";"070 70 år";"2024";"Personer";2082
"40 Telemark";"071 71 år";"2024";"Personer";2045
"40 Telemark";"072 72 år";"2024";"Personer";1892
"40 Telemark";"073 73 år";"2024";"Personer";1990
"40 Telemark";"074 74 år";"2024";"Personer";1876
"40 Telemark";"075 75 år";"2024";"Personer";1899
"40 Telemark";"076 76 år";"2024";"Personer";1881
"40 Telemark";"077 77 år";"2024";"Personer";1919
"40 Telemark";"078 78 år";"2024";"Personer";1705
"40 Telemark";"079 79 år";"2024";"Personer";1592
"40 Telemark";"080 80 år";"2024";"Personer";1313
"40 Telemark";"081 81 år";"2024";"Personer";1201
"40 Telemark";"082 82 år";"2024";"Personer";928
"40 Telemark";"083 83 år";"2024";"Personer";882
"40 Telemark";"084 84 år";"2024";"Personer";823
"40 Telemark";"085 85 år";"2024";"Personer";740
"40 Telemark";"086 86 år";"2024";"Personer";642
"40 Telemark";"087 87 år";"2024";"Personer";516
"40 Telemark";"088 88 år";"2024";"Personer";523
"40 Telemark";"089 89 år";"2024";"Personer";391
"40 Telemark";"090 90 år";"2024";"Personer";335
"40 Telemark";"091 91 år";"2024";"Personer";298
"40 Telemark";"092 92 år";"2024";"Personer";260
"40 Telemark";"093 93 år";"2024";"Personer";195
"40 Telemark";"094 94 år";"2024";"Personer";161
"40 Telemark";"095 95 år";"2024";"Personer";131
"40 Telemark";"096 96 år";"2024";"Personer";79
"40 Telemark";"097 97 år";"2024";"Personer";61
"40 Telemark";"098 98 år";"2024";"Personer";38
"40 Telemark";"099 99 år";"2024";"Personer";31
"40 Telemark";"100 100 år";"2024";"Personer";27
"40 Telemark";"101 101 år";"2024";"Personer";18
"40 Telemark";"102 102 år";"2024";"Personer";11
"40 Telemark";"103 103 år";"2024";"Personer";3
"40 Telemark";"104 104 år";"2024";"Personer";1
"40 Telemark";"105+ 105 år eller eldre";"2024";"Personer";2
"42 Agder";"000 0 år";"2024";"Personer";2939
"42 Agder";"001 1 år";"2024";"Personer";3114
"42 Agder";"002 2 år";"2024";"Personer";3289
"42 Agder";"003 3 år";"2024";"Personer";3172
"42 Agder";"004 4 år";"2024";"Personer";3364
"42 Agder";"005 5 år";"2024";"Personer";3419
"42 Agder";"006 6 år";"2024";"Personer";3543
"42 Agder";"007 7 år";"2024";"Personer";3757
"42 Agder";"008 8 år";"2024";"Personer";3841
"42 Agder";"009 9 år";"2024";"Personer";3730
"42 Agder";"010 10 år";"2024";"Personer";3893
"42 Agder";"011 11 år";"2024";"Personer";4131
"42 Agder";"012 12 år";"2024";"Personer";4107
"42 Agder";"013 13 år";"2024";"Personer";4215
"42 Agder";"014 14 år";"2024";"Personer";4381
"42 Agder";"015 15 år";"2024";"Personer";4269
"42 Agder";"016 16 år";"2024";"Personer";4102
"42 Agder";"017 17 år";"2024";"Personer";4245
"42 Agder";"018 18 år";"2024";"Personer";3983
"42 Agder";"019 19 år";"2024";"Personer";4048
"42 Agder";"020 20 år";"2024";"Personer";3985
"42 Agder";"021 21 år";"2024";"Personer";4134
"42 Agder";"022 22 år";"2024";"Personer";4083
"42 Agder";"023 23 år";"2024";"Personer";4069
"42 Agder";"024 24 år";"2024";"Personer";4092
"42 Agder";"025 25 år";"2024";"Personer";3870
"42 Agder";"026 26 år";"2024";"Personer";4042
"42 Agder";"027 27 år";"2024";"Personer";4122
"42 Agder";"028 28 år";"2024";"Personer";3911
"42 Agder";"029 29 år";"2024";"Personer";3905
"42 Agder";"030 30 år";"2024";"Personer";3994
"42 Agder";"031 31 år";"2024";"Personer";4061
"42 Agder";"032 32 år";"2024";"Personer";4213
"42 Agder";"033 33 år";"2024";"Personer";4287
"42 Agder";"034 34 år";"2024";"Personer";4186
"42 Agder";"035 35 år";"2024";"Personer";4124
"42 Agder";"036 36 år";"2024";"Personer";4120
"42 Agder";"037 37 år";"2024";"Personer";4063
"42 Agder";"038 38 år";"2024";"Personer";3998
"42 Agder";"039 39 år";"2024";"Personer";4093
"42 Agder";"040 40 år";"2024";"Personer";4096
"42 Agder";"041 41 år";"2024";"Personer";4168
"42 Agder";"042 42 år";"2024";"Personer";4152
"42 Agder";"043 43 år";"2024";"Personer";4188
"42 Agder";"044 44 år";"2024";"Personer";3976
"42 Agder";"045 45 år";"2024";"Personer";4060
"42 Agder";"046 46 år";"2024";"Personer";3880
"42 Agder";"047 47 år";"2024";"Personer";4151
"42 Agder";"048 48 år";"2024";"Personer";4200
"42 Agder";"049 49 år";"2024";"Personer";4246
"42 Agder";"050 50 år";"2024";"Personer";4293
"42 Agder";"051 51 år";"2024";"Personer";4289
"42 Agder";"052 52 år";"2024";"Personer";4438
"42 Agder";"053 53 år";"2024";"Personer";4270
"42 Agder";"054 54 år";"2024";"Personer";4373
"42 Agder";"055 55 år";"2024";"Personer";4226
"42 Agder";"056 56 år";"2024";"Personer";4233
"42 Agder";"057 57 år";"2024";"Personer";4168
"42 Agder";"058 58 år";"2024";"Personer";4100
"42 Agder";"059 59 år";"2024";"Personer";4153
"42 Agder";"060 60 år";"2024";"Personer";3942
"42 Agder";"061 61 år";"2024";"Personer";3685
"42 Agder";"062 62 år";"2024";"Personer";3739
"42 Agder";"063 63 år";"2024";"Personer";3680
"42 Agder";"064 64 år";"2024";"Personer";3551
"42 Agder";"065 65 år";"2024";"Personer";3702
"42 Agder";"066 66 år";"2024";"Personer";3379
"42 Agder";"067 67 år";"2024";"Personer";3561
"42 Agder";"068 68 år";"2024";"Personer";3447
"42 Agder";"069 69 år";"2024";"Personer";3324
"42 Agder";"070 70 år";"2024";"Personer";3221
"42 Agder";"071 71 år";"2024";"Personer";3266
"42 Agder";"072 72 år";"2024";"Personer";2944
"42 Agder";"073 73 år";"2024";"Personer";2992
"42 Agder";"074 74 år";"2024";"Personer";2825
"42 Agder";"075 75 år";"2024";"Personer";2914
"42 Agder";"076 76 år";"2024";"Personer";2893
"42 Agder";"077 77 år";"2024";"Personer";2849
"42 Agder";"078 78 år";"2024";"Personer";2325
"42 Agder";"079 79 år";"2024";"Personer";2314
"42 Agder";"080 80 år";"2024";"Personer";1974
"42 Agder";"081 81 år";"2024";"Personer";1769
"42 Agder";"082 82 år";"2024";"Personer";1451
"42 Agder";"083 83 år";"2024";"Personer";1393
"42 Agder";"084 84 år";"2024";"Personer";1299
"42 Agder";"085 85 år";"2024";"Personer";1114
"42 Agder";"086 86 år";"2024";"Personer";987
"42 Agder";"087 87 år";"2024";"Personer";856
"42 Agder";"088 88 år";"2024";"Personer";729
"42 Agder";"089 89 år";"2024";"Personer";625
"42 Agder";"090 90 år";"2024";"Personer";574
"42 Agder";"091 91 år";"2024";"Personer";485
"42 Agder";"092 92 år";"2024";"Personer";380
"42 Agder";"093 93 år";"2024";"Personer";318
"42 Agder";"094 94 år";"2024";"Personer";217
"42 Agder";"095 95 år";"2024";"Personer";177
"42 Agder";"096 96 år";"2024";"Personer";124
"42 Agder";"097 97 år";"2024";"Personer";91
"42 Agder";"098 98 år";"2024";"Personer";71
"42 Agder";"099 99 år";"2024";"Personer";39
"42 Agder";"100 100 år";"2024";"Personer";20
"42 Agder";"101 101 år";"2024";"Personer";18
"42 Agder";"102 102 år";"2024";"Personer";19
"42 Agder";"103 103 år";"2024";"Personer";5
"42 Agder";"104 104 år";"2024";"Personer";4
"42 Agder";"105+ 105 år eller eldre";"2024";"Personer";4
"11 Rogaland";"000 0 år";"2024";"Personer";5192
"11 Rogaland";"001 1 år";"2024";"Personer";5234
"11 Rogaland";"002 2 år";"2024";"Personer";5857
"11 Rogaland";"003 3 år";"2024";"Personer";5601
"11 Rogaland";"004 4 år";"2024";"Personer";5722
"11 Rogaland";"005 5 år";"2024";"Personer";5809
"11 Rogaland";"006 6 år";"2024";"Personer";6196
"11 Rogaland";"007 7 år";"2024";"Personer";6387
"11 Rogaland";"008 8 år";"2024";"Personer";6374
"11 Rogaland";"009 9 år";"2024";"Personer";6422
"11 Rogaland";"010 10 år";"2024";"Personer";6503
"11 Rogaland";"011 11 år";"2024";"Personer";6731
"11 Rogaland";"012 12 år";"2024";"Personer";6752
"11 Rogaland";"013 13 år";"2024";"Personer";6978
"11 Rogaland";"014 14 år";"2024";"Personer";6902
"11 Rogaland";"015 15 år";"2024";"Personer";6825
"11 Rogaland";"016 16 år";"2024";"Personer";6479
"11 Rogaland";"017 17 år";"2024";"Personer";6687
"11 Rogaland";"018 18 år";"2024";"Personer";6299
"11 Rogaland";"019 19 år";"2024";"Personer";6237
"11 Rogaland";"020 20 år";"2024";"Personer";6159
"11 Rogaland";"021 21 år";"2024";"Personer";5819
"11 Rogaland";"022 22 år";"2024";"Personer";5857
"11 Rogaland";"023 23 år";"2024";"Personer";6092
"11 Rogaland";"024 24 år";"2024";"Personer";6128
"11 Rogaland";"025 25 år";"2024";"Personer";6077
"11 Rogaland";"026 26 år";"2024";"Personer";6284
"11 Rogaland";"027 27 år";"2024";"Personer";6386
"11 Rogaland";"028 28 år";"2024";"Personer";6465
"11 Rogaland";"029 29 år";"2024";"Personer";6513
"11 Rogaland";"030 30 år";"2024";"Personer";6563
"11 Rogaland";"031 31 år";"2024";"Personer";6921
"11 Rogaland";"032 32 år";"2024";"Personer";7043
"11 Rogaland";"033 33 år";"2024";"Personer";7113
"11 Rogaland";"034 34 år";"2024";"Personer";7061
"11 Rogaland";"035 35 år";"2024";"Personer";7307
"11 Rogaland";"036 36 år";"2024";"Personer";7241
"11 Rogaland";"037 37 år";"2024";"Personer";7181
"11 Rogaland";"038 38 år";"2024";"Personer";7215
"11 Rogaland";"039 39 år";"2024";"Personer";7180
"11 Rogaland";"040 40 år";"2024";"Personer";7153
"11 Rogaland";"041 41 år";"2024";"Personer";7181
"11 Rogaland";"042 42 år";"2024";"Personer";6974
"11 Rogaland";"043 43 år";"2024";"Personer";7065
"11 Rogaland";"044 44 år";"2024";"Personer";7027
"11 Rogaland";"045 45 år";"2024";"Personer";6869
"11 Rogaland";"046 46 år";"2024";"Personer";6653
"11 Rogaland";"047 47 år";"2024";"Personer";6536
"11 Rogaland";"048 48 år";"2024";"Personer";6584
"11 Rogaland";"049 49 år";"2024";"Personer";6673
"11 Rogaland";"050 50 år";"2024";"Personer";6730
"11 Rogaland";"051 51 år";"2024";"Personer";6676
"11 Rogaland";"052 52 år";"2024";"Personer";6653
"11 Rogaland";"053 53 år";"2024";"Personer";6552
"11 Rogaland";"054 54 år";"2024";"Personer";6686
"11 Rogaland";"055 55 år";"2024";"Personer";6609
"11 Rogaland";"056 56 år";"2024";"Personer";6492
"11 Rogaland";"057 57 år";"2024";"Personer";6164
"11 Rogaland";"058 58 år";"2024";"Personer";6057
"11 Rogaland";"059 59 år";"2024";"Personer";5988
"11 Rogaland";"060 60 år";"2024";"Personer";5734
"11 Rogaland";"061 61 år";"2024";"Personer";5507
"11 Rogaland";"062 62 år";"2024";"Personer";5412
"11 Rogaland";"063 63 år";"2024";"Personer";5330
"11 Rogaland";"064 64 år";"2024";"Personer";5150
"11 Rogaland";"065 65 år";"2024";"Personer";5163
"11 Rogaland";"066 66 år";"2024";"Personer";4940
"11 Rogaland";"067 67 år";"2024";"Personer";4819
"11 Rogaland";"068 68 år";"2024";"Personer";4782
"11 Rogaland";"069 69 år";"2024";"Personer";4519
"11 Rogaland";"070 70 år";"2024";"Personer";4521
"11 Rogaland";"071 71 år";"2024";"Personer";4295
"11 Rogaland";"072 72 år";"2024";"Personer";4014
"11 Rogaland";"073 73 år";"2024";"Personer";4022
"11 Rogaland";"074 74 år";"2024";"Personer";3851
"11 Rogaland";"075 75 år";"2024";"Personer";3640
"11 Rogaland";"076 76 år";"2024";"Personer";3605
"11 Rogaland";"077 77 år";"2024";"Personer";3481
"11 Rogaland";"078 78 år";"2024";"Personer";3160
"11 Rogaland";"079 79 år";"2024";"Personer";2901
"11 Rogaland";"080 80 år";"2024";"Personer";2603
"11 Rogaland";"081 81 år";"2024";"Personer";2379
"11 Rogaland";"082 82 år";"2024";"Personer";1889
"11 Rogaland";"083 83 år";"2024";"Personer";1891
"11 Rogaland";"084 84 år";"2024";"Personer";1668
"11 Rogaland";"085 85 år";"2024";"Personer";1419
"11 Rogaland";"086 86 år";"2024";"Personer";1243
"11 Rogaland";"087 87 år";"2024";"Personer";1140
"11 Rogaland";"088 88 år";"2024";"Personer";1030
"11 Rogaland";"089 89 år";"2024";"Personer";837
"11 Rogaland";"090 90 år";"2024";"Personer";705
"11 Rogaland";"091 91 år";"2024";"Personer";657
"11 Rogaland";"092 92 år";"2024";"Personer";538
"11 Rogaland";"093 93 år";"2024";"Personer";422
"11 Rogaland";"094 94 år";"2024";"Personer";321
"11 Rogaland";"095 95 år";"2024";"Personer";199
"11 Rogaland";"096 96 år";"2024";"Personer";161
"11 Rogaland";"097 97 år";"2024";"Personer";132
"11 Rogaland";"098 98 år";"2024";"Personer";83
"11 Rogaland";"099 99 år";"2024";"Personer";53
"11 Rogaland";"100 100 år";"2024";"Personer";35
"11 Rogaland";"101 101 år";"2024";"Personer";23
"11 Rogaland";"102 102 år";"2024";"Personer";10
"11 Rogaland";"103 103 år";"2024";"Personer";9
"11 Rogaland";"104 104 år";"2024";"Personer";4
"11 Rogaland";"105+ 105 år eller eldre";"2024";"Personer";6
"46 Vestland";"000 0 år";"2024";"Personer";6152
"46 Vestland";"001 1 år";"2024";"Personer";6389
"46 Vestland";"002 2 år";"2024";"Personer";6986
"46 Vestland";"003 3 år";"2024";"Personer";6684
"46 Vestland";"004 4 år";"2024";"Personer";6814
"46 Vestland";"005 5 år";"2024";"Personer";6954
"46 Vestland";"006 6 år";"2024";"Personer";7136
"46 Vestland";"007 7 år";"2024";"Personer";7626
"46 Vestland";"008 8 år";"2024";"Personer";7722
"46 Vestland";"009 9 år";"2024";"Personer";7558
"46 Vestland";"010 10 år";"2024";"Personer";7477
"46 Vestland";"011 11 år";"2024";"Personer";7823
"46 Vestland";"012 12 år";"2024";"Personer";7951
"46 Vestland";"013 13 år";"2024";"Personer";8112
"46 Vestland";"014 14 år";"2024";"Personer";8162
"46 Vestland";"015 15 år";"2024";"Personer";8128
"46 Vestland";"016 16 år";"2024";"Personer";7970
"46 Vestland";"017 17 år";"2024";"Personer";7908
"46 Vestland";"018 18 år";"2024";"Personer";7886
"46 Vestland";"019 19 år";"2024";"Personer";8020
"46 Vestland";"020 20 år";"2024";"Personer";8102
"46 Vestland";"021 21 år";"2024";"Personer";8175
"46 Vestland";"022 22 år";"2024";"Personer";8546
"46 Vestland";"023 23 år";"2024";"Personer";9175
"46 Vestland";"024 24 år";"2024";"Personer";8847
"46 Vestland";"025 25 år";"2024";"Personer";8800
"46 Vestland";"026 26 år";"2024";"Personer";8733
"46 Vestland";"027 27 år";"2024";"Personer";9000
"46 Vestland";"028 28 år";"2024";"Personer";8647
"46 Vestland";"029 29 år";"2024";"Personer";8868
"46 Vestland";"030 30 år";"2024";"Personer";8771
"46 Vestland";"031 31 år";"2024";"Personer";8855
"46 Vestland";"032 32 år";"2024";"Personer";9146
"46 Vestland";"033 33 år";"2024";"Personer";9187
"46 Vestland";"034 34 år";"2024";"Personer";9309
"46 Vestland";"035 35 år";"2024";"Personer";9153
"46 Vestland";"036 36 år";"2024";"Personer";8834
"46 Vestland";"037 37 år";"2024";"Personer";8883
"46 Vestland";"038 38 år";"2024";"Personer";8661
"46 Vestland";"039 39 år";"2024";"Personer";8477
"46 Vestland";"040 40 år";"2024";"Personer";8346
"46 Vestland";"041 41 år";"2024";"Personer";8685
"46 Vestland";"042 42 år";"2024";"Personer";8409
"46 Vestland";"043 43 år";"2024";"Personer";8404
"46 Vestland";"044 44 år";"2024";"Personer";8258
"46 Vestland";"045 45 år";"2024";"Personer";8196
"46 Vestland";"046 46 år";"2024";"Personer";7779
"46 Vestland";"047 47 år";"2024";"Personer";8017
"46 Vestland";"048 48 år";"2024";"Personer";8310
"46 Vestland";"049 49 år";"2024";"Personer";8431
"46 Vestland";"050 50 år";"2024";"Personer";8557
"46 Vestland";"051 51 år";"2024";"Personer";8628
"46 Vestland";"052 52 år";"2024";"Personer";8584
"46 Vestland";"053 53 år";"2024";"Personer";8596
"46 Vestland";"054 54 år";"2024";"Personer";8710
"46 Vestland";"055 55 år";"2024";"Personer";8559
"46 Vestland";"056 56 år";"2024";"Personer";8338
"46 Vestland";"057 57 år";"2024";"Personer";8224
"46 Vestland";"058 58 år";"2024";"Personer";7950
"46 Vestland";"059 59 år";"2024";"Personer";7889
"46 Vestland";"060 60 år";"2024";"Personer";7577
"46 Vestland";"061 61 år";"2024";"Personer";7515
"46 Vestland";"062 62 år";"2024";"Personer";7404
"46 Vestland";"063 63 år";"2024";"Personer";7182
"46 Vestland";"064 64 år";"2024";"Personer";7362
"46 Vestland";"065 65 år";"2024";"Personer";7130
"46 Vestland";"066 66 år";"2024";"Personer";6839
"46 Vestland";"067 67 år";"2024";"Personer";6763
"46 Vestland";"068 68 år";"2024";"Personer";6653
"46 Vestland";"069 69 år";"2024";"Personer";6496
"46 Vestland";"070 70 år";"2024";"Personer";6321
"46 Vestland";"071 71 år";"2024";"Personer";6315
"46 Vestland";"072 72 år";"2024";"Personer";5870
"46 Vestland";"073 73 år";"2024";"Personer";5901
"46 Vestland";"074 74 år";"2024";"Personer";5786
"46 Vestland";"075 75 år";"2024";"Personer";5682
"46 Vestland";"076 76 år";"2024";"Personer";5773
"46 Vestland";"077 77 år";"2024";"Personer";5696
"46 Vestland";"078 78 år";"2024";"Personer";4763
"46 Vestland";"079 79 år";"2024";"Personer";4484
"46 Vestland";"080 80 år";"2024";"Personer";3792
"46 Vestland";"081 81 år";"2024";"Personer";3389
"46 Vestland";"082 82 år";"2024";"Personer";2995
"46 Vestland";"083 83 år";"2024";"Personer";2935
"46 Vestland";"084 84 år";"2024";"Personer";2610
"46 Vestland";"085 85 år";"2024";"Personer";2438
"46 Vestland";"086 86 år";"2024";"Personer";2112
"46 Vestland";"087 87 år";"2024";"Personer";1855
"46 Vestland";"088 88 år";"2024";"Personer";1576
"46 Vestland";"089 89 år";"2024";"Personer";1427
"46 Vestland";"090 90 år";"2024";"Personer";1242
"46 Vestland";"091 91 år";"2024";"Personer";1112
"46 Vestland";"092 92 år";"2024";"Personer";914
"46 Vestland";"093 93 år";"2024";"Personer";722
"46 Vestland";"094 94 år";"2024";"Personer";602
"46 Vestland";"095 95 år";"2024";"Personer";444
"46 Vestland";"096 96 år";"2024";"Personer";362
"46 Vestland";"097 97 år";"2024";"Personer";222
"46 Vestland";"098 98 år";"2024";"Personer";179
"46 Vestland";"099 99 år";"2024";"Personer";151
"46 Vestland";"100 100 år";"2024";"Personer";79
"46 Vestland";"101 101 år";"2024";"Personer";58
"46 Vestland";"102 102 år";"2024";"Personer";27
"46 Vestland";"103 103 år";"2024";"Personer";23
"46 Vestland";"104 104 år";"2024";"Personer";13
"46 Vestland";"105+ 105 år eller eldre";"2024";"Personer";11
"15 Møre og Romsdal";"000 0 år";"2024";"Personer";2367
"15 Møre og Romsdal";"001 1 år";"2024";"Personer";2466
"15 Møre og Romsdal";"002 2 år";"2024";"Personer";2854
"15 Møre og Romsdal";"003 3 år";"2024";"Personer";2667
"15 Møre og Romsdal";"004 4 år";"2024";"Personer";2755
"15 Møre og Romsdal";"005 5 år";"2024";"Personer";2882
"15 Møre og Romsdal";"006 6 år";"2024";"Personer";2965
"15 Møre og Romsdal";"007 7 år";"2024";"Personer";3037
"15 Møre og Romsdal";"008 8 år";"2024";"Personer";3038
"15 Møre og Romsdal";"009 9 år";"2024";"Personer";3030
"15 Møre og Romsdal";"010 10 år";"2024";"Personer";3161
"15 Møre og Romsdal";"011 11 år";"2024";"Personer";3248
"15 Møre og Romsdal";"012 12 år";"2024";"Personer";3301
"15 Møre og Romsdal";"013 13 år";"2024";"Personer";3299
"15 Møre og Romsdal";"014 14 år";"2024";"Personer";3505
"15 Møre og Romsdal";"015 15 år";"2024";"Personer";3407
"15 Møre og Romsdal";"016 16 år";"2024";"Personer";3400
"15 Møre og Romsdal";"017 17 år";"2024";"Personer";3357
"15 Møre og Romsdal";"018 18 år";"2024";"Personer";3355
"15 Møre og Romsdal";"019 19 år";"2024";"Personer";3434
"15 Møre og Romsdal";"020 20 år";"2024";"Personer";3352
"15 Møre og Romsdal";"021 21 år";"2024";"Personer";3187
"15 Møre og Romsdal";"022 22 år";"2024";"Personer";3218
"15 Møre og Romsdal";"023 23 år";"2024";"Personer";3213
"15 Møre og Romsdal";"024 24 år";"2024";"Personer";3167
"15 Møre og Romsdal";"025 25 år";"2024";"Personer";2957
"15 Møre og Romsdal";"026 26 år";"2024";"Personer";3090
"15 Møre og Romsdal";"027 27 år";"2024";"Personer";3115
"15 Møre og Romsdal";"028 28 år";"2024";"Personer";3123
"15 Møre og Romsdal";"029 29 år";"2024";"Personer";3122
"15 Møre og Romsdal";"030 30 år";"2024";"Personer";3223
"15 Møre og Romsdal";"031 31 år";"2024";"Personer";3222
"15 Møre og Romsdal";"032 32 år";"2024";"Personer";3421
"15 Møre og Romsdal";"033 33 år";"2024";"Personer";3494
"15 Møre og Romsdal";"034 34 år";"2024";"Personer";3466
"15 Møre og Romsdal";"035 35 år";"2024";"Personer";3531
"15 Møre og Romsdal";"036 36 år";"2024";"Personer";3385
"15 Møre og Romsdal";"037 37 år";"2024";"Personer";3481
"15 Møre og Romsdal";"038 38 år";"2024";"Personer";3416
"15 Møre og Romsdal";"039 39 år";"2024";"Personer";3504
"15 Møre og Romsdal";"040 40 år";"2024";"Personer";3513
"15 Møre og Romsdal";"041 41 år";"2024";"Personer";3437
"15 Møre og Romsdal";"042 42 år";"2024";"Personer";3354
"15 Møre og Romsdal";"043 43 år";"2024";"Personer";3408
"15 Møre og Romsdal";"044 44 år";"2024";"Personer";3409
"15 Møre og Romsdal";"045 45 år";"2024";"Personer";3260
"15 Møre og Romsdal";"046 46 år";"2024";"Personer";3190
"15 Møre og Romsdal";"047 47 år";"2024";"Personer";3273
"15 Møre og Romsdal";"048 48 år";"2024";"Personer";3224
"15 Møre og Romsdal";"049 49 år";"2024";"Personer";3471
"15 Møre og Romsdal";"050 50 år";"2024";"Personer";3510
"15 Møre og Romsdal";"051 51 år";"2024";"Personer";3726
"15 Møre og Romsdal";"052 52 år";"2024";"Personer";3711
"15 Møre og Romsdal";"053 53 år";"2024";"Personer";3731
"15 Møre og Romsdal";"054 54 år";"2024";"Personer";3840
"15 Møre og Romsdal";"055 55 år";"2024";"Personer";3790
"15 Møre og Romsdal";"056 56 år";"2024";"Personer";3662
"15 Møre og Romsdal";"057 57 år";"2024";"Personer";3466
"15 Møre og Romsdal";"058 58 år";"2024";"Personer";3401
"15 Møre og Romsdal";"059 59 år";"2024";"Personer";3326
"15 Møre og Romsdal";"060 60 år";"2024";"Personer";3275
"15 Møre og Romsdal";"061 61 år";"2024";"Personer";3284
"15 Møre og Romsdal";"062 62 år";"2024";"Personer";3241
"15 Møre og Romsdal";"063 63 år";"2024";"Personer";3220
"15 Møre og Romsdal";"064 64 år";"2024";"Personer";3285
"15 Møre og Romsdal";"065 65 år";"2024";"Personer";3282
"15 Møre og Romsdal";"066 66 år";"2024";"Personer";3203
"15 Møre og Romsdal";"067 67 år";"2024";"Personer";3384
"15 Møre og Romsdal";"068 68 år";"2024";"Personer";3130
"15 Møre og Romsdal";"069 69 år";"2024";"Personer";3130
"15 Møre og Romsdal";"070 70 år";"2024";"Personer";3009
"15 Møre og Romsdal";"071 71 år";"2024";"Personer";3068
"15 Møre og Romsdal";"072 72 år";"2024";"Personer";2851
"15 Møre og Romsdal";"073 73 år";"2024";"Personer";2820
"15 Møre og Romsdal";"074 74 år";"2024";"Personer";2725
"15 Møre og Romsdal";"075 75 år";"2024";"Personer";2744
"15 Møre og Romsdal";"076 76 år";"2024";"Personer";2599
"15 Møre og Romsdal";"077 77 år";"2024";"Personer";2592
"15 Møre og Romsdal";"078 78 år";"2024";"Personer";2321
"15 Møre og Romsdal";"079 79 år";"2024";"Personer";2133
"15 Møre og Romsdal";"080 80 år";"2024";"Personer";1888
"15 Møre og Romsdal";"081 81 år";"2024";"Personer";1603
"15 Møre og Romsdal";"082 82 år";"2024";"Personer";1393
"15 Møre og Romsdal";"083 83 år";"2024";"Personer";1322
"15 Møre og Romsdal";"084 84 år";"2024";"Personer";1234
"15 Møre og Romsdal";"085 85 år";"2024";"Personer";1028
"15 Møre og Romsdal";"086 86 år";"2024";"Personer";914
"15 Møre og Romsdal";"087 87 år";"2024";"Personer";805
"15 Møre og Romsdal";"088 88 år";"2024";"Personer";722
"15 Møre og Romsdal";"089 89 år";"2024";"Personer";674
"15 Møre og Romsdal";"090 90 år";"2024";"Personer";591
"15 Møre og Romsdal";"091 91 år";"2024";"Personer";481
"15 Møre og Romsdal";"092 92 år";"2024";"Personer";379
"15 Møre og Romsdal";"093 93 år";"2024";"Personer";366
"15 Møre og Romsdal";"094 94 år";"2024";"Personer";274
"15 Møre og Romsdal";"095 95 år";"2024";"Personer";223
"15 Møre og Romsdal";"096 96 år";"2024";"Personer";165
"15 Møre og Romsdal";"097 97 år";"2024";"Personer";123
"15 Møre og Romsdal";"098 98 år";"2024";"Personer";80
"15 Møre og Romsdal";"099 99 år";"2024";"Personer";74
"15 Møre og Romsdal";"100 100 år";"2024";"Personer";23
"15 Møre og Romsdal";"101 101 år";"2024";"Personer";18
"15 Møre og Romsdal";"102 102 år";"2024";"Personer";18
"15 Møre og Romsdal";"103 103 år";"2024";"Personer";8
"15 Møre og Romsdal";"104 104 år";"2024";"Personer";3
"15 Møre og Romsdal";"105+ 105 år eller eldre";"2024";"Personer";2
"50 Trøndelag - Trööndelage";"000 0 år";"2024";"Personer";4543
"50 Trøndelag - Trööndelage";"001 1 år";"2024";"Personer";4649
"50 Trøndelag - Trööndelage";"002 2 år";"2024";"Personer";5039
"50 Trøndelag - Trööndelage";"003 3 år";"2024";"Personer";4718
"50 Trøndelag - Trööndelage";"004 4 år";"2024";"Personer";4823
"50 Trøndelag - Trööndelage";"005 5 år";"2024";"Personer";4880
"50 Trøndelag - Trööndelage";"006 6 år";"2024";"Personer";5068
"50 Trøndelag - Trööndelage";"007 7 år";"2024";"Personer";5319
"50 Trøndelag - Trööndelage";"008 8 år";"2024";"Personer";5356
"50 Trøndelag - Trööndelage";"009 9 år";"2024";"Personer";5453
"50 Trøndelag - Trööndelage";"010 10 år";"2024";"Personer";5604
"50 Trøndelag - Trööndelage";"011 11 år";"2024";"Personer";5508
"50 Trøndelag - Trööndelage";"012 12 år";"2024";"Personer";5644
"50 Trøndelag - Trööndelage";"013 13 år";"2024";"Personer";5820
"50 Trøndelag - Trööndelage";"014 14 år";"2024";"Personer";5839
"50 Trøndelag - Trööndelage";"015 15 år";"2024";"Personer";5802
"50 Trøndelag - Trööndelage";"016 16 år";"2024";"Personer";5656
"50 Trøndelag - Trööndelage";"017 17 år";"2024";"Personer";5804
"50 Trøndelag - Trööndelage";"018 18 år";"2024";"Personer";5687
"50 Trøndelag - Trööndelage";"019 19 år";"2024";"Personer";5767
"50 Trøndelag - Trööndelage";"020 20 år";"2024";"Personer";5909
"50 Trøndelag - Trööndelage";"021 21 år";"2024";"Personer";6202
"50 Trøndelag - Trööndelage";"022 22 år";"2024";"Personer";6883
"50 Trøndelag - Trööndelage";"023 23 år";"2024";"Personer";7234
"50 Trøndelag - Trööndelage";"024 24 år";"2024";"Personer";7317
"50 Trøndelag - Trööndelage";"025 25 år";"2024";"Personer";7368
"50 Trøndelag - Trööndelage";"026 26 år";"2024";"Personer";7042
"50 Trøndelag - Trööndelage";"027 27 år";"2024";"Personer";7155
"50 Trøndelag - Trööndelage";"028 28 år";"2024";"Personer";6755
"50 Trøndelag - Trööndelage";"029 29 år";"2024";"Personer";6845
"50 Trøndelag - Trööndelage";"030 30 år";"2024";"Personer";6769
"50 Trøndelag - Trööndelage";"031 31 år";"2024";"Personer";6945
"50 Trøndelag - Trööndelage";"032 32 år";"2024";"Personer";6965
"50 Trøndelag - Trööndelage";"033 33 år";"2024";"Personer";7037
"50 Trøndelag - Trööndelage";"034 34 år";"2024";"Personer";6823
"50 Trøndelag - Trööndelage";"035 35 år";"2024";"Personer";6788
"50 Trøndelag - Trööndelage";"036 36 år";"2024";"Personer";6378
"50 Trøndelag - Trööndelage";"037 37 år";"2024";"Personer";6401
"50 Trøndelag - Trööndelage";"038 38 år";"2024";"Personer";6285
"50 Trøndelag - Trööndelage";"039 39 år";"2024";"Personer";6092
"50 Trøndelag - Trööndelage";"040 40 år";"2024";"Personer";5992
"50 Trøndelag - Trööndelage";"041 41 år";"2024";"Personer";6071
"50 Trøndelag - Trööndelage";"042 42 år";"2024";"Personer";5842
"50 Trøndelag - Trööndelage";"043 43 år";"2024";"Personer";5855
"50 Trøndelag - Trööndelage";"044 44 år";"2024";"Personer";5802
"50 Trøndelag - Trööndelage";"045 45 år";"2024";"Personer";5699
"50 Trøndelag - Trööndelage";"046 46 år";"2024";"Personer";5600
"50 Trøndelag - Trööndelage";"047 47 år";"2024";"Personer";5652
"50 Trøndelag - Trööndelage";"048 48 år";"2024";"Personer";5815
"50 Trøndelag - Trööndelage";"049 49 år";"2024";"Personer";6184
"50 Trøndelag - Trööndelage";"050 50 år";"2024";"Personer";6249
"50 Trøndelag - Trööndelage";"051 51 år";"2024";"Personer";6350
"50 Trøndelag - Trööndelage";"052 52 år";"2024";"Personer";6407
"50 Trøndelag - Trööndelage";"053 53 år";"2024";"Personer";6264
"50 Trøndelag - Trööndelage";"054 54 år";"2024";"Personer";6470
"50 Trøndelag - Trööndelage";"055 55 år";"2024";"Personer";6543
"50 Trøndelag - Trööndelage";"056 56 år";"2024";"Personer";6193
"50 Trøndelag - Trööndelage";"057 57 år";"2024";"Personer";6344
"50 Trøndelag - Trööndelage";"058 58 år";"2024";"Personer";6223
"50 Trøndelag - Trööndelage";"059 59 år";"2024";"Personer";5893
"50 Trøndelag - Trööndelage";"060 60 år";"2024";"Personer";5765
"50 Trøndelag - Trööndelage";"061 61 år";"2024";"Personer";5591
"50 Trøndelag - Trööndelage";"062 62 år";"2024";"Personer";5379
"50 Trøndelag - Trööndelage";"063 63 år";"2024";"Personer";5280
"50 Trøndelag - Trööndelage";"064 64 år";"2024";"Personer";5353
"50 Trøndelag - Trööndelage";"065 65 år";"2024";"Personer";5250
"50 Trøndelag - Trööndelage";"066 66 år";"2024";"Personer";5196
"50 Trøndelag - Trööndelage";"067 67 år";"2024";"Personer";5209
"50 Trøndelag - Trööndelage";"068 68 år";"2024";"Personer";5094
"50 Trøndelag - Trööndelage";"069 69 år";"2024";"Personer";4954
"50 Trøndelag - Trööndelage";"070 70 år";"2024";"Personer";4745
"50 Trøndelag - Trööndelage";"071 71 år";"2024";"Personer";4751
"50 Trøndelag - Trööndelage";"072 72 år";"2024";"Personer";4581
"50 Trøndelag - Trööndelage";"073 73 år";"2024";"Personer";4389
"50 Trøndelag - Trööndelage";"074 74 år";"2024";"Personer";4324
"50 Trøndelag - Trööndelage";"075 75 år";"2024";"Personer";4436
"50 Trøndelag - Trööndelage";"076 76 år";"2024";"Personer";4188
"50 Trøndelag - Trööndelage";"077 77 år";"2024";"Personer";4296
"50 Trøndelag - Trööndelage";"078 78 år";"2024";"Personer";3891
"50 Trøndelag - Trööndelage";"079 79 år";"2024";"Personer";3489
"50 Trøndelag - Trööndelage";"080 80 år";"2024";"Personer";3236
"50 Trøndelag - Trööndelage";"081 81 år";"2024";"Personer";2777
"50 Trøndelag - Trööndelage";"082 82 år";"2024";"Personer";2450
"50 Trøndelag - Trööndelage";"083 83 år";"2024";"Personer";2156
"50 Trøndelag - Trööndelage";"084 84 år";"2024";"Personer";1988
"50 Trøndelag - Trööndelage";"085 85 år";"2024";"Personer";1713
"50 Trøndelag - Trööndelage";"086 86 år";"2024";"Personer";1467
"50 Trøndelag - Trööndelage";"087 87 år";"2024";"Personer";1324
"50 Trøndelag - Trööndelage";"088 88 år";"2024";"Personer";1126
"50 Trøndelag - Trööndelage";"089 89 år";"2024";"Personer";1025
"50 Trøndelag - Trööndelage";"090 90 år";"2024";"Personer";804
"50 Trøndelag - Trööndelage";"091 91 år";"2024";"Personer";743
"50 Trøndelag - Trööndelage";"092 92 år";"2024";"Personer";597
"50 Trøndelag - Trööndelage";"093 93 år";"2024";"Personer";476
"50 Trøndelag - Trööndelage";"094 94 år";"2024";"Personer";391
"50 Trøndelag - Trööndelage";"095 95 år";"2024";"Personer";295
"50 Trøndelag - Trööndelage";"096 96 år";"2024";"Personer";195
"50 Trøndelag - Trööndelage";"097 97 år";"2024";"Personer";161
"50 Trøndelag - Trööndelage";"098 98 år";"2024";"Personer";104
"50 Trøndelag - Trööndelage";"099 99 år";"2024";"Personer";73
"50 Trøndelag - Trööndelage";"100 100 år";"2024";"Personer";32
"50 Trøndelag - Trööndelage";"101 101 år";"2024";"Personer";24
"50 Trøndelag - Trööndelage";"102 102 år";"2024";"Personer";8
"50 Trøndelag - Trööndelage";"103 103 år";"2024";"Personer";6
"50 Trøndelag - Trööndelage";"104 104 år";"2024";"Personer";1
"50 Trøndelag - Trööndelage";"105+ 105 år eller eldre";"2024";"Personer";3
"18 Nordland - Nordlánnda";"000 0 år";"2024";"Personer";2192
"18 Nordland - Nordlánnda";"001 1 år";"2024";"Personer";2105
"18 Nordland - Nordlánnda";"002 2 år";"2024";"Personer";2344
"18 Nordland - Nordlánnda";"003 3 år";"2024";"Personer";2127
"18 Nordland - Nordlánnda";"004 4 år";"2024";"Personer";2295
"18 Nordland - Nordlánnda";"005 5 år";"2024";"Personer";2301
"18 Nordland - Nordlánnda";"006 6 år";"2024";"Personer";2402
"18 Nordland - Nordlánnda";"007 7 år";"2024";"Personer";2517
"18 Nordland - Nordlánnda";"008 8 år";"2024";"Personer";2583
"18 Nordland - Nordlánnda";"009 9 år";"2024";"Personer";2589
"18 Nordland - Nordlánnda";"010 10 år";"2024";"Personer";2698
"18 Nordland - Nordlánnda";"011 11 år";"2024";"Personer";2705
"18 Nordland - Nordlánnda";"012 12 år";"2024";"Personer";2731
"18 Nordland - Nordlánnda";"013 13 år";"2024";"Personer";2792
"18 Nordland - Nordlánnda";"014 14 år";"2024";"Personer";2925
"18 Nordland - Nordlánnda";"015 15 år";"2024";"Personer";2865
"18 Nordland - Nordlánnda";"016 16 år";"2024";"Personer";2895
"18 Nordland - Nordlánnda";"017 17 år";"2024";"Personer";2715
"18 Nordland - Nordlánnda";"018 18 år";"2024";"Personer";2873
"18 Nordland - Nordlánnda";"019 19 år";"2024";"Personer";2826
"18 Nordland - Nordlánnda";"020 20 år";"2024";"Personer";2737
"18 Nordland - Nordlánnda";"021 21 år";"2024";"Personer";2724
"18 Nordland - Nordlánnda";"022 22 år";"2024";"Personer";2597
"18 Nordland - Nordlánnda";"023 23 år";"2024";"Personer";2698
"18 Nordland - Nordlánnda";"024 24 år";"2024";"Personer";2853
"18 Nordland - Nordlánnda";"025 25 år";"2024";"Personer";2718
"18 Nordland - Nordlánnda";"026 26 år";"2024";"Personer";2943
"18 Nordland - Nordlánnda";"027 27 år";"2024";"Personer";3033
"18 Nordland - Nordlánnda";"028 28 år";"2024";"Personer";3054
"18 Nordland - Nordlánnda";"029 29 år";"2024";"Personer";3088
"18 Nordland - Nordlánnda";"030 30 år";"2024";"Personer";3202
"18 Nordland - Nordlánnda";"031 31 år";"2024";"Personer";3206
"18 Nordland - Nordlánnda";"032 32 år";"2024";"Personer";3259
"18 Nordland - Nordlánnda";"033 33 år";"2024";"Personer";3241
"18 Nordland - Nordlánnda";"034 34 år";"2024";"Personer";3190
"18 Nordland - Nordlánnda";"035 35 år";"2024";"Personer";3273
"18 Nordland - Nordlánnda";"036 36 år";"2024";"Personer";2939
"18 Nordland - Nordlánnda";"037 37 år";"2024";"Personer";2984
"18 Nordland - Nordlánnda";"038 38 år";"2024";"Personer";2945
"18 Nordland - Nordlánnda";"039 39 år";"2024";"Personer";2893
"18 Nordland - Nordlánnda";"040 40 år";"2024";"Personer";2800
"18 Nordland - Nordlánnda";"041 41 år";"2024";"Personer";2811
"18 Nordland - Nordlánnda";"042 42 år";"2024";"Personer";2858
"18 Nordland - Nordlánnda";"043 43 år";"2024";"Personer";2830
"18 Nordland - Nordlánnda";"044 44 år";"2024";"Personer";2766
"18 Nordland - Nordlánnda";"045 45 år";"2024";"Personer";2780
"18 Nordland - Nordlánnda";"046 46 år";"2024";"Personer";2709
"18 Nordland - Nordlánnda";"047 47 år";"2024";"Personer";2706
"18 Nordland - Nordlánnda";"048 48 år";"2024";"Personer";2905
"18 Nordland - Nordlánnda";"049 49 år";"2024";"Personer";3036
"18 Nordland - Nordlánnda";"050 50 år";"2024";"Personer";3001
"18 Nordland - Nordlánnda";"051 51 år";"2024";"Personer";3244
"18 Nordland - Nordlánnda";"052 52 år";"2024";"Personer";3330
"18 Nordland - Nordlánnda";"053 53 år";"2024";"Personer";3352
"18 Nordland - Nordlánnda";"054 54 år";"2024";"Personer";3584
"18 Nordland - Nordlánnda";"055 55 år";"2024";"Personer";3587
"18 Nordland - Nordlánnda";"056 56 år";"2024";"Personer";3526
"18 Nordland - Nordlánnda";"057 57 år";"2024";"Personer";3445
"18 Nordland - Nordlánnda";"058 58 år";"2024";"Personer";3432
"18 Nordland - Nordlánnda";"059 59 år";"2024";"Personer";3404
"18 Nordland - Nordlánnda";"060 60 år";"2024";"Personer";3195
"18 Nordland - Nordlánnda";"061 61 år";"2024";"Personer";3224
"18 Nordland - Nordlánnda";"062 62 år";"2024";"Personer";3180
"18 Nordland - Nordlánnda";"063 63 år";"2024";"Personer";3059
"18 Nordland - Nordlánnda";"064 64 år";"2024";"Personer";3105
"18 Nordland - Nordlánnda";"065 65 år";"2024";"Personer";2906
"18 Nordland - Nordlánnda";"066 66 år";"2024";"Personer";2929
"18 Nordland - Nordlánnda";"067 67 år";"2024";"Personer";3126
"18 Nordland - Nordlánnda";"068 68 år";"2024";"Personer";2986
"18 Nordland - Nordlánnda";"069 69 år";"2024";"Personer";2951
"18 Nordland - Nordlánnda";"070 70 år";"2024";"Personer";2923
"18 Nordland - Nordlánnda";"071 71 år";"2024";"Personer";2764
"18 Nordland - Nordlánnda";"072 72 år";"2024";"Personer";2581
"18 Nordland - Nordlánnda";"073 73 år";"2024";"Personer";2584
"18 Nordland - Nordlánnda";"074 74 år";"2024";"Personer";2597
"18 Nordland - Nordlánnda";"075 75 år";"2024";"Personer";2557
"18 Nordland - Nordlánnda";"076 76 år";"2024";"Personer";2493
"18 Nordland - Nordlánnda";"077 77 år";"2024";"Personer";2483
"18 Nordland - Nordlánnda";"078 78 år";"2024";"Personer";2234
"18 Nordland - Nordlánnda";"079 79 år";"2024";"Personer";2061
"18 Nordland - Nordlánnda";"080 80 år";"2024";"Personer";1824
"18 Nordland - Nordlánnda";"081 81 år";"2024";"Personer";1715
"18 Nordland - Nordlánnda";"082 82 år";"2024";"Personer";1398
"18 Nordland - Nordlánnda";"083 83 år";"2024";"Personer";1304
"18 Nordland - Nordlánnda";"084 84 år";"2024";"Personer";1194
"18 Nordland - Nordlánnda";"085 85 år";"2024";"Personer";1079
"18 Nordland - Nordlánnda";"086 86 år";"2024";"Personer";973
"18 Nordland - Nordlánnda";"087 87 år";"2024";"Personer";837
"18 Nordland - Nordlánnda";"088 88 år";"2024";"Personer";675
"18 Nordland - Nordlánnda";"089 89 år";"2024";"Personer";558
"18 Nordland - Nordlánnda";"090 90 år";"2024";"Personer";525
"18 Nordland - Nordlánnda";"091 91 år";"2024";"Personer";446
"18 Nordland - Nordlánnda";"092 92 år";"2024";"Personer";396
"18 Nordland - Nordlánnda";"093 93 år";"2024";"Personer";269
"18 Nordland - Nordlánnda";"094 94 år";"2024";"Personer";234
"18 Nordland - Nordlánnda";"095 95 år";"2024";"Personer";187
"18 Nordland - Nordlánnda";"096 96 år";"2024";"Personer";141
"18 Nordland - Nordlánnda";"097 97 år";"2024";"Personer";73
"18 Nordland - Nordlánnda";"098 98 år";"2024";"Personer";58
"18 Nordland - Nordlánnda";"099 99 år";"2024";"Personer";36
"18 Nordland - Nordlánnda";"100 100 år";"2024";"Personer";28
"18 Nordland - Nordlánnda";"101 101 år";"2024";"Personer";15
"18 Nordland - Nordlánnda";"102 102 år";"2024";"Personer";7
"18 Nordland - Nordlánnda";"103 103 år";"2024";"Personer";3
"18 Nordland - Nordlánnda";"104 104 år";"2024";"Personer";2
"18 Nordland - Nordlánnda";"105+ 105 år eller eldre";"2024";"Personer";3
"55 Troms - Romsa - Tromssa";"000 0 år";"2024";"Personer";1563
"55 Troms - Romsa - Tromssa";"001 1 år";"2024";"Personer";1517
"55 Troms - Romsa - Tromssa";"002 2 år";"2024";"Personer";1672
"55 Troms - Romsa - Tromssa";"003 3 år";"2024";"Personer";1521
"55 Troms - Romsa - Tromssa";"004 4 år";"2024";"Personer";1539
"55 Troms - Romsa - Tromssa";"005 5 år";"2024";"Personer";1598
"55 Troms - Romsa - Tromssa";"006 6 år";"2024";"Personer";1602
"55 Troms - Romsa - Tromssa";"007 7 år";"2024";"Personer";1715
"55 Troms - Romsa - Tromssa";"008 8 år";"2024";"Personer";1714
"55 Troms - Romsa - Tromssa";"009 9 år";"2024";"Personer";1746
"55 Troms - Romsa - Tromssa";"010 10 år";"2024";"Personer";1768
"55 Troms - Romsa - Tromssa";"011 11 år";"2024";"Personer";1797
"55 Troms - Romsa - Tromssa";"012 12 år";"2024";"Personer";1858
"55 Troms - Romsa - Tromssa";"013 13 år";"2024";"Personer";2002
"55 Troms - Romsa - Tromssa";"014 14 år";"2024";"Personer";1980
"55 Troms - Romsa - Tromssa";"015 15 år";"2024";"Personer";2045
"55 Troms - Romsa - Tromssa";"016 16 år";"2024";"Personer";2038
"55 Troms - Romsa - Tromssa";"017 17 år";"2024";"Personer";2039
"55 Troms - Romsa - Tromssa";"018 18 år";"2024";"Personer";1995
"55 Troms - Romsa - Tromssa";"019 19 år";"2024";"Personer";1960
"55 Troms - Romsa - Tromssa";"020 20 år";"2024";"Personer";1925
"55 Troms - Romsa - Tromssa";"021 21 år";"2024";"Personer";2048
"55 Troms - Romsa - Tromssa";"022 22 år";"2024";"Personer";2162
"55 Troms - Romsa - Tromssa";"023 23 år";"2024";"Personer";2435
"55 Troms - Romsa - Tromssa";"024 24 år";"2024";"Personer";2355
"55 Troms - Romsa - Tromssa";"025 25 år";"2024";"Personer";2446
"55 Troms - Romsa - Tromssa";"026 26 år";"2024";"Personer";2428
"55 Troms - Romsa - Tromssa";"027 27 år";"2024";"Personer";2446
"55 Troms - Romsa - Tromssa";"028 28 år";"2024";"Personer";2518
"55 Troms - Romsa - Tromssa";"029 29 år";"2024";"Personer";2495
"55 Troms - Romsa - Tromssa";"030 30 år";"2024";"Personer";2408
"55 Troms - Romsa - Tromssa";"031 31 år";"2024";"Personer";2538
"55 Troms - Romsa - Tromssa";"032 32 år";"2024";"Personer";2537
"55 Troms - Romsa - Tromssa";"033 33 år";"2024";"Personer";2587
"55 Troms - Romsa - Tromssa";"034 34 år";"2024";"Personer";2323
"55 Troms - Romsa - Tromssa";"035 35 år";"2024";"Personer";2283
"55 Troms - Romsa - Tromssa";"036 36 år";"2024";"Personer";2153
"55 Troms - Romsa - Tromssa";"037 37 år";"2024";"Personer";2122
"55 Troms - Romsa - Tromssa";"038 38 år";"2024";"Personer";2079
"55 Troms - Romsa - Tromssa";"039 39 år";"2024";"Personer";2044
"55 Troms - Romsa - Tromssa";"040 40 år";"2024";"Personer";2090
"55 Troms - Romsa - Tromssa";"041 41 år";"2024";"Personer";2072
"55 Troms - Romsa - Tromssa";"042 42 år";"2024";"Personer";2022
"55 Troms - Romsa - Tromssa";"043 43 år";"2024";"Personer";2048
"55 Troms - Romsa - Tromssa";"044 44 år";"2024";"Personer";1963
"55 Troms - Romsa - Tromssa";"045 45 år";"2024";"Personer";1921
"55 Troms - Romsa - Tromssa";"046 46 år";"2024";"Personer";1979
"55 Troms - Romsa - Tromssa";"047 47 år";"2024";"Personer";2008
"55 Troms - Romsa - Tromssa";"048 48 år";"2024";"Personer";2028
"55 Troms - Romsa - Tromssa";"049 49 år";"2024";"Personer";2286
"55 Troms - Romsa - Tromssa";"050 50 år";"2024";"Personer";2332
"55 Troms - Romsa - Tromssa";"051 51 år";"2024";"Personer";2327
"55 Troms - Romsa - Tromssa";"052 52 år";"2024";"Personer";2430
"55 Troms - Romsa - Tromssa";"053 53 år";"2024";"Personer";2359
"55 Troms - Romsa - Tromssa";"054 54 år";"2024";"Personer";2350
"55 Troms - Romsa - Tromssa";"055 55 år";"2024";"Personer";2334
"55 Troms - Romsa - Tromssa";"056 56 år";"2024";"Personer";2308
"55 Troms - Romsa - Tromssa";"057 57 år";"2024";"Personer";2292
"55 Troms - Romsa - Tromssa";"058 58 år";"2024";"Personer";2247
"55 Troms - Romsa - Tromssa";"059 59 år";"2024";"Personer";2196
"55 Troms - Romsa - Tromssa";"060 60 år";"2024";"Personer";2076
"55 Troms - Romsa - Tromssa";"061 61 år";"2024";"Personer";2080
"55 Troms - Romsa - Tromssa";"062 62 år";"2024";"Personer";1997
"55 Troms - Romsa - Tromssa";"063 63 år";"2024";"Personer";1977
"55 Troms - Romsa - Tromssa";"064 64 år";"2024";"Personer";1969
"55 Troms - Romsa - Tromssa";"065 65 år";"2024";"Personer";1824
"55 Troms - Romsa - Tromssa";"066 66 år";"2024";"Personer";1910
"55 Troms - Romsa - Tromssa";"067 67 år";"2024";"Personer";1964
"55 Troms - Romsa - Tromssa";"068 68 år";"2024";"Personer";1881
"55 Troms - Romsa - Tromssa";"069 69 år";"2024";"Personer";1858
"55 Troms - Romsa - Tromssa";"070 70 år";"2024";"Personer";1806
"55 Troms - Romsa - Tromssa";"071 71 år";"2024";"Personer";1747
"55 Troms - Romsa - Tromssa";"072 72 år";"2024";"Personer";1663
"55 Troms - Romsa - Tromssa";"073 73 år";"2024";"Personer";1699
"55 Troms - Romsa - Tromssa";"074 74 år";"2024";"Personer";1676
"55 Troms - Romsa - Tromssa";"075 75 år";"2024";"Personer";1662
"55 Troms - Romsa - Tromssa";"076 76 år";"2024";"Personer";1624
"55 Troms - Romsa - Tromssa";"077 77 år";"2024";"Personer";1530
"55 Troms - Romsa - Tromssa";"078 78 år";"2024";"Personer";1390
"55 Troms - Romsa - Tromssa";"079 79 år";"2024";"Personer";1326
"55 Troms - Romsa - Tromssa";"080 80 år";"2024";"Personer";1075
"55 Troms - Romsa - Tromssa";"081 81 år";"2024";"Personer";1056
"55 Troms - Romsa - Tromssa";"082 82 år";"2024";"Personer";884
"55 Troms - Romsa - Tromssa";"083 83 år";"2024";"Personer";795
"55 Troms - Romsa - Tromssa";"084 84 år";"2024";"Personer";721
"55 Troms - Romsa - Tromssa";"085 85 år";"2024";"Personer";640
"55 Troms - Romsa - Tromssa";"086 86 år";"2024";"Personer";568
"55 Troms - Romsa - Tromssa";"087 87 år";"2024";"Personer";489
"55 Troms - Romsa - Tromssa";"088 88 år";"2024";"Personer";433
"55 Troms - Romsa - Tromssa";"089 89 år";"2024";"Personer";352
"55 Troms - Romsa - Tromssa";"090 90 år";"2024";"Personer";273
"55 Troms - Romsa - Tromssa";"091 91 år";"2024";"Personer";284
"55 Troms - Romsa - Tromssa";"092 92 år";"2024";"Personer";221
"55 Troms - Romsa - Tromssa";"093 93 år";"2024";"Personer";165
"55 Troms - Romsa - Tromssa";"094 94 år";"2024";"Personer";109
"55 Troms - Romsa - Tromssa";"095 95 år";"2024";"Personer";96
"55 Troms - Romsa - Tromssa";"096 96 år";"2024";"Personer";65
"55 Troms - Romsa - Tromssa";"097 97 år";"2024";"Personer";51
"55 Troms - Romsa - Tromssa";"098 98 år";"2024";"Personer";32
"55 Troms - Romsa - Tromssa";"099 99 år";"2024";"Personer";23
"55 Troms - Romsa - Tromssa";"100 100 år";"2024";"Personer";12
"55 Troms - Romsa - Tromssa";"101 101 år";"2024";"Personer";6
"55 Troms - Romsa - Tromssa";"102 102 år";"2024";"Personer";2
"55 Troms - Romsa - Tromssa";"103 103 år";"2024";"Personer";1
"55 Troms - Romsa - Tromssa";"104 104 år";"2024";"Personer";2
"55 Troms - Romsa - Tromssa";"105+ 105 år eller eldre";"2024";"Personer";3
"56 Finnmark - Finnmárku - Finmarkku";"000 0 år";"2024";"Personer";693
"56 Finnmark - Finnmárku - Finmarkku";"001 1 år";"2024";"Personer";650
"56 Finnmark - Finnmárku - Finmarkku";"002 2 år";"2024";"Personer";759
"56 Finnmark - Finnmárku - Finmarkku";"003 3 år";"2024";"Personer";716
"56 Finnmark - Finnmárku - Finmarkku";"004 4 år";"2024";"Personer";753
"56 Finnmark - Finnmárku - Finmarkku";"005 5 år";"2024";"Personer";690
"56 Finnmark - Finnmárku - Finmarkku";"006 6 år";"2024";"Personer";763
"56 Finnmark - Finnmárku - Finmarkku";"007 7 år";"2024";"Personer";762
"56 Finnmark - Finnmárku - Finmarkku";"008 8 år";"2024";"Personer";775
"56 Finnmark - Finnmárku - Finmarkku";"009 9 år";"2024";"Personer";756
"56 Finnmark - Finnmárku - Finmarkku";"010 10 år";"2024";"Personer";786
"56 Finnmark - Finnmárku - Finmarkku";"011 11 år";"2024";"Personer";793
"56 Finnmark - Finnmárku - Finmarkku";"012 12 år";"2024";"Personer";808
"56 Finnmark - Finnmárku - Finmarkku";"013 13 år";"2024";"Personer";838
"56 Finnmark - Finnmárku - Finmarkku";"014 14 år";"2024";"Personer";905
"56 Finnmark - Finnmárku - Finmarkku";"015 15 år";"2024";"Personer";889
"56 Finnmark - Finnmárku - Finmarkku";"016 16 år";"2024";"Personer";853
"56 Finnmark - Finnmárku - Finmarkku";"017 17 år";"2024";"Personer";882
"56 Finnmark - Finnmárku - Finmarkku";"018 18 år";"2024";"Personer";842
"56 Finnmark - Finnmárku - Finmarkku";"019 19 år";"2024";"Personer";850
"56 Finnmark - Finnmárku - Finmarkku";"020 20 år";"2024";"Personer";839
"56 Finnmark - Finnmárku - Finmarkku";"021 21 år";"2024";"Personer";952
"56 Finnmark - Finnmárku - Finmarkku";"022 22 år";"2024";"Personer";907
"56 Finnmark - Finnmárku - Finmarkku";"023 23 år";"2024";"Personer";1036
"56 Finnmark - Finnmárku - Finmarkku";"024 24 år";"2024";"Personer";1026
"56 Finnmark - Finnmárku - Finmarkku";"025 25 år";"2024";"Personer";980
"56 Finnmark - Finnmárku - Finmarkku";"026 26 år";"2024";"Personer";1053
"56 Finnmark - Finnmárku - Finmarkku";"027 27 år";"2024";"Personer";1077
"56 Finnmark - Finnmárku - Finmarkku";"028 28 år";"2024";"Personer";1095
"56 Finnmark - Finnmárku - Finmarkku";"029 29 år";"2024";"Personer";1037
"56 Finnmark - Finnmárku - Finmarkku";"030 30 år";"2024";"Personer";1098
"56 Finnmark - Finnmárku - Finmarkku";"031 31 år";"2024";"Personer";1041
"56 Finnmark - Finnmárku - Finmarkku";"032 32 år";"2024";"Personer";1055
"56 Finnmark - Finnmárku - Finmarkku";"033 33 år";"2024";"Personer";1081
"56 Finnmark - Finnmárku - Finmarkku";"034 34 år";"2024";"Personer";1066
"56 Finnmark - Finnmárku - Finmarkku";"035 35 år";"2024";"Personer";995
"56 Finnmark - Finnmárku - Finmarkku";"036 36 år";"2024";"Personer";934
"56 Finnmark - Finnmárku - Finmarkku";"037 37 år";"2024";"Personer";934
"56 Finnmark - Finnmárku - Finmarkku";"038 38 år";"2024";"Personer";967
"56 Finnmark - Finnmárku - Finmarkku";"039 39 år";"2024";"Personer";873
"56 Finnmark - Finnmárku - Finmarkku";"040 40 år";"2024";"Personer";848
"56 Finnmark - Finnmárku - Finmarkku";"041 41 år";"2024";"Personer";849
"56 Finnmark - Finnmárku - Finmarkku";"042 42 år";"2024";"Personer";776
"56 Finnmark - Finnmárku - Finmarkku";"043 43 år";"2024";"Personer";791
"56 Finnmark - Finnmárku - Finmarkku";"044 44 år";"2024";"Personer";822
"56 Finnmark - Finnmárku - Finmarkku";"045 45 år";"2024";"Personer";856
"56 Finnmark - Finnmárku - Finmarkku";"046 46 år";"2024";"Personer";791
"56 Finnmark - Finnmárku - Finmarkku";"047 47 år";"2024";"Personer";879
"56 Finnmark - Finnmárku - Finmarkku";"048 48 år";"2024";"Personer";906
"56 Finnmark - Finnmárku - Finmarkku";"049 49 år";"2024";"Personer";973
"56 Finnmark - Finnmárku - Finmarkku";"050 50 år";"2024";"Personer";1063
"56 Finnmark - Finnmárku - Finmarkku";"051 51 år";"2024";"Personer";1120
"56 Finnmark - Finnmárku - Finmarkku";"052 52 år";"2024";"Personer";1149
"56 Finnmark - Finnmárku - Finmarkku";"053 53 år";"2024";"Personer";1207
"56 Finnmark - Finnmárku - Finmarkku";"054 54 år";"2024";"Personer";1129
"56 Finnmark - Finnmárku - Finmarkku";"055 55 år";"2024";"Personer";1165
"56 Finnmark - Finnmárku - Finmarkku";"056 56 år";"2024";"Personer";1124
"56 Finnmark - Finnmárku - Finmarkku";"057 57 år";"2024";"Personer";1105
"56 Finnmark - Finnmárku - Finmarkku";"058 58 år";"2024";"Personer";1053
"56 Finnmark - Finnmárku - Finmarkku";"059 59 år";"2024";"Personer";1103
"56 Finnmark - Finnmárku - Finmarkku";"060 60 år";"2024";"Personer";1025
"56 Finnmark - Finnmárku - Finmarkku";"061 61 år";"2024";"Personer";947
"56 Finnmark - Finnmárku - Finmarkku";"062 62 år";"2024";"Personer";967
"56 Finnmark - Finnmárku - Finmarkku";"063 63 år";"2024";"Personer";861
"56 Finnmark - Finnmárku - Finmarkku";"064 64 år";"2024";"Personer";933
"56 Finnmark - Finnmárku - Finmarkku";"065 65 år";"2024";"Personer";872
"56 Finnmark - Finnmárku - Finmarkku";"066 66 år";"2024";"Personer";780
"56 Finnmark - Finnmárku - Finmarkku";"067 67 år";"2024";"Personer";822
"56 Finnmark - Finnmárku - Finmarkku";"068 68 år";"2024";"Personer";831
"56 Finnmark - Finnmárku - Finmarkku";"069 69 år";"2024";"Personer";814
"56 Finnmark - Finnmárku - Finmarkku";"070 70 år";"2024";"Personer";807
"56 Finnmark - Finnmárku - Finmarkku";"071 71 år";"2024";"Personer";782
"56 Finnmark - Finnmárku - Finmarkku";"072 72 år";"2024";"Personer";759
"56 Finnmark - Finnmárku - Finmarkku";"073 73 år";"2024";"Personer";813
"56 Finnmark - Finnmárku - Finmarkku";"074 74 år";"2024";"Personer";771
"56 Finnmark - Finnmárku - Finmarkku";"075 75 år";"2024";"Personer";775
"56 Finnmark - Finnmárku - Finmarkku";"076 76 år";"2024";"Personer";793
"56 Finnmark - Finnmárku - Finmarkku";"077 77 år";"2024";"Personer";660
"56 Finnmark - Finnmárku - Finmarkku";"078 78 år";"2024";"Personer";551
"56 Finnmark - Finnmárku - Finmarkku";"079 79 år";"2024";"Personer";505
"56 Finnmark - Finnmárku - Finmarkku";"080 80 år";"2024";"Personer";460
"56 Finnmark - Finnmárku - Finmarkku";"081 81 år";"2024";"Personer";453
"56 Finnmark - Finnmárku - Finmarkku";"082 82 år";"2024";"Personer";356
"56 Finnmark - Finnmárku - Finmarkku";"083 83 år";"2024";"Personer";328
"56 Finnmark - Finnmárku - Finmarkku";"084 84 år";"2024";"Personer";301
"56 Finnmark - Finnmárku - Finmarkku";"085 85 år";"2024";"Personer";288
"56 Finnmark - Finnmárku - Finmarkku";"086 86 år";"2024";"Personer";229
"56 Finnmark - Finnmárku - Finmarkku";"087 87 år";"2024";"Personer";201
"56 Finnmark - Finnmárku - Finmarkku";"088 88 år";"2024";"Personer";165
"56 Finnmark - Finnmárku - Finmarkku";"089 89 år";"2024";"Personer";145
"56 Finnmark - Finnmárku - Finmarkku";"090 90 år";"2024";"Personer";116
"56 Finnmark - Finnmárku - Finmarkku";"091 91 år";"2024";"Personer";112
"56 Finnmark - Finnmárku - Finmarkku";"092 92 år";"2024";"Personer";72
"56 Finnmark - Finnmárku - Finmarkku";"093 93 år";"2024";"Personer";73
"56 Finnmark - Finnmárku - Finmarkku";"094 94 år";"2024";"Personer";56
"56 Finnmark - Finnmárku - Finmarkku";"095 95 år";"2024";"Personer";39
"56 Finnmark - Finnmárku - Finmarkku";"096 96 år";"2024";"Personer";18
"56 Finnmark - Finnmárku - Finmarkku";"097 97 år";"2024";"Personer";22
"56 Finnmark - Finnmárku - Finmarkku";"098 98 år";"2024";"Personer";15
"56 Finnmark - Finnmárku - Finmarkku";"099 99 år";"2024";"Personer";8
"56 Finnmark - Finnmárku - Finmarkku";"100 100 år";"2024";"Personer";7
"56 Finnmark - Finnmárku - Finmarkku";"101 101 år";"2024";"Personer";1
"56 Finnmark - Finnmárku - Finmarkku";"102 102 år";"2024";"Personer";2
"56 Finnmark - Finnmárku - Finmarkku";"103 103 år";"2024";"Personer";0
"56 Finnmark - Finnmárku - Finmarkku";"104 104 år";"2024";"Personer";0
"56 Finnmark - Finnmárku - Finmarkku";"105+ 105 år eller eldre";"2024";"Personer";0
"21 Svalbard";"000 0 år";"2024";"Personer";0
"21 Svalbard";"001 1 år";"2024";"Personer";0
"21 Svalbard";"002 2 år";"2024";"Personer";0
"21 Svalbard";"003 3 år";"2024";"Personer";0
"21 Svalbard";"004 4 år";"2024";"Personer";0
"21 Svalbard";"005 5 år";"2024";"Personer";0
"21 Svalbard";"006 6 år";"2024";"Personer";0
"21 Svalbard";"007 7 år";"2024";"Personer";0
"21 Svalbard";"008 8 år";"2024";"Personer";0
"21 Svalbard";"009 9 år";"2024";"Personer";0
"21 Svalbard";"010 10 år";"2024";"Personer";0
"21 Svalbard";"011 11 år";"2024";"Personer";0
"21 Svalbard";"012 12 år";"2024";"Personer";0
"21 Svalbard";"013 13 år";"2024";"Personer";0
"21 Svalbard";"014 14 år";"2024";"Personer";0
"21 Svalbard";"015 15 år";"2024";"Personer";0
"21 Svalbard";"016 16 år";"2024";"Personer";0
"21 Svalbard";"017 17 år";"2024";"Personer";0
"21 Svalbard";"018 18 år";"2024";"Personer";0
"21 Svalbard";"019 19 år";"2024";"Personer";0
"21 Svalbard";"020 20 år";"2024";"Personer";0
"21 Svalbard";"021 21 år";"2024";"Personer";0
"21 Svalbard";"022 22 år";"2024";"Personer";0
"21 Svalbard";"023 23 år";"2024";"Personer";0
"21 Svalbard";"024 24 år";"2024";"Personer";0
"21 Svalbard";"025 25 år";"2024";"Personer";0
"21 Svalbard";"026 26 år";"2024";"Personer";0
"21 Svalbard";"027 27 år";"2024";"Personer";0
"21 Svalbard";"028 28 år";"2024";"Personer";0
"21 Svalbard";"029 29 år";"2024";"Personer";0
"21 Svalbard";"030 30 år";"2024";"Personer";0
"21 Svalbard";"031 31 år";"2024";"Personer";0
"21 Svalbard";"032 32 år";"2024";"Personer";0
"21 Svalbard";"033 33 år";"2024";"Personer";0
"21 Svalbard";"034 34 år";"2024";"Personer";0
"21 Svalbard";"035 35 år";"2024";"Personer";0
"21 Svalbard";"036 36 år";"2024";"Personer";0
"21 Svalbard";"037 37 år";"2024";"Personer";0
"21 Svalbard";"038 38 år";"2024";"Personer";0
"21 Svalbard";"039 39 år";"2024";"Personer";0
"21 Svalbard";"040 40 år";"2024";"Personer";0
"21 Svalbard";"041 41 år";"2024";"Personer";0
"21 Svalbard";"042 42 år";"2024";"Personer";0
"21 Svalbard";"043 43 år";"2024";"Personer";0
"21 Svalbard";"044 44 år";"2024";"Personer";0
"21 Svalbard";"045 45 år";"2024";"Personer";0
"21 Svalbard";"046 46 år";"2024";"Personer";0
"21 Svalbard";"047 47 år";"2024";"Personer";0
"21 Svalbard";"048 48 år";"2024";"Personer";0
"21 Svalbard";"049 49 år";"2024";"Personer";0
"21 Svalbard";"050 50 år";"2024";"Personer";0
"21 Svalbard";"051 51 år";"2024";"Personer";0
"21 Svalbard";"052 52 år";"2024";"Personer";0
"21 Svalbard";"053 53 år";"2024";"Personer";0
"21 Svalbard";"054 54 år";"2024";"Personer";0
"21 Svalbard";"055 55 år";"2024";"Personer";0
"21 Svalbard";"056 56 år";"2024";"Personer";0
"21 Svalbard";"057 57 år";"2024";"Personer";0
"21 Svalbard";"058 58 år";"2024";"Personer";0
"21 Svalbard";"059 59 år";"2024";"Personer";0
"21 Svalbard";"060 60 år";"2024";"Personer";0
"21 Svalbard";"061 61 år";"2024";"Personer";0
"21 Svalbard";"062 62 år";"2024";"Personer";0
"21 Svalbard";"063 63 år";"2024";"Personer";0
"21 Svalbard";"064 64 år";"2024";"Personer";0
"21 Svalbard";"065 65 år";"2024";"Personer";0
"21 Svalbard";"066 66 år";"2024";"Personer";0
"21 Svalbard";"067 67 år";"2024";"Personer";0
"21 Svalbard";"068 68 år";"2024";"Personer";0
"21 Svalbard";"069 69 år";"2024";"Personer";0
"21 Svalbard";"070 70 år";"2024";"Personer";0
"21 Svalbard";"071 71 år";"2024";"Personer";0
"21 Svalbard";"072 72 år";"2024";"Personer";0
"21 Svalbard";"073 73 år";"2024";"Personer";0
"21 Svalbard";"074 74 år";"2024";"Personer";0
"21 Svalbard";"075 75 år";"2024";"Personer";0
"21 Svalbard";"076 76 år";"2024";"Personer";0
"21 Svalbard";"077 77 år";"2024";"Personer";0
"21 Svalbard";"078 78 år";"2024";"Personer";0
"21 Svalbard";"079 79 år";"2024";"Personer";0
"21 Svalbard";"080 80 år";"2024";"Personer";0
"21 Svalbard";"081 81 år";"2024";"Personer";0
"21 Svalbard";"082 82 år";"2024";"Personer";0
"21 Svalbard";"083 83 år";"2024";"Personer";0
"21 Svalbard";"084 84 år";"2024";"Personer";0
"21 Svalbard";"085 85 år";"2024";"Personer";0
"21 Svalbard";"086 86 år";"2024";"Personer";0
"21 Svalbard";"087 87 år";"2024";"Personer";0
"21 Svalbard";"088 88 år";"2024";"Personer";0
"21 Svalbard";"089 89 år";"2024";"Personer";0
"21 Svalbard";"090 90 år";"2024";"Personer";0
"21 Svalbard";"091 91 år";"2024";"Personer";0
"21 Svalbard";"092 92 år";"2024";"Personer";0
"21 Svalbard";"093 93 år";"2024";"Personer";0
"21 Svalbard";"094 94 år";"2024";"Personer";0
"21 Svalbard";"095 95 år";"2024";"Personer";0
"21 Svalbard";"096 96 år";"2024";"Personer";0
"21 Svalbard";"097 97 år";"2024";"Personer";0
"21 Svalbard";"098 98 år";"2024";"Personer";0
"21 Svalbard";"099 99 år";"2024";"Personer";0
"21 Svalbard";"100 100 år";"2024";"Personer";0
"21 Svalbard";"101 101 år";"2024";"Personer";0
"21 Svalbard";"102 102 år";"2024";"Personer";0
"21 Svalbard";"103 103 år";"2024";"Personer";0
"21 Svalbard";"104 104 år";"2024";"Personer";0
"21 Svalbard";"105+ 105 år eller eldre";"2024";"Personer";0
